"interaction","Kendall","name","NMI","selected","shared interaction","shared name","Spearman","Weight"
"MIR3648-2","1.0","MIR3648-1","1.0","false","MIR3648-2","MIR3648-1","1.0","1.0"
"CH507-513H4.6","1.0","CH507-513H4.4","1.0","false","CH507-513H4.6","CH507-513H4.4","1.0","1.0"
"CH507-513H4.3","1.0","CH507-513H4.4","1.0","false","CH507-513H4.3","CH507-513H4.4","1.0","1.0"
"SNORA11E","0.976887","SNORA11D","0.9836998","false","SNORA11E","SNORA11D","0.9867122","0.982433021068573"
"CDR1","0.8823212","CDR1-AS","0.69536257","false","CDR1","CDR1-AS","0.97777367","0.8518190979957581"
"CCDC144A","0.88324326","USP32P1","0.65155786","false","CCDC144A","USP32P1","0.9783499","0.8377170562744141"
"FAM83B","0.8700667","RP3-523K23.2","0.6273321","false","FAM83B","RP3-523K23.2","0.9734778","0.8236255645751953"
"ZIC4","0.8306135","ZIC1","0.6773363","false","ZIC4","ZIC1","0.95658875","0.8215128779411316"
"CTAG1B","0.8103162","CTAG1A","0.81456715","false","CTAG1B","CTAG1A","0.83355445","0.8194792866706848"
"ERVV-1","0.84618616","CTD-2620I22.3","0.649832","false","ERVV-1","CTD-2620I22.3","0.9612638","0.8190940022468567"
"XAGE1A","0.8338543","XAGE1B","0.71944445","false","XAGE1A","XAGE1B","0.901017","0.8181052207946777"
"AC144450.2","0.86399764","AC144450.1","0.6170543","false","AC144450.2","AC144450.1","0.9705669","0.8172063231468201"
"SAA2","0.83432496","SAA1","0.6492107","false","SAA2","SAA1","0.95743835","0.8136579990386963"
"EMX2","0.84264463","EMX2OS","0.6156084","false","EMX2","EMX2OS","0.96180546","0.8066861629486084"
"FGA","0.8240798","FGG","0.65919083","false","FGA","FGG","0.93486506","0.8060452342033386"
"CTD-2554C21.3","0.82582045","CTD-2554C21.2","0.6475293","false","CTD-2554C21.3","CTD-2554C21.2","0.9444148","0.8059215545654297"
"POTEKP","0.8419601","LINC01087","0.6149288","false","POTEKP","LINC01087","0.96058","0.805823028087616"
"ANKRD18A","0.84576577","SNX18P3","0.59667945","false","ANKRD18A","SNX18P3","0.9627311","0.801725447177887"
"S100A9","0.8154955","S100A8","0.61140025","false","S100A9","S100A8","0.9495306","0.7921420931816101"
"FGB","0.8112689","FGG","0.6407323","false","FGB","FGG","0.9230958","0.7916989922523499"
"RP11-65I12.1","0.8198198","PAX8-AS1","0.5969798","false","RP11-65I12.1","PAX8-AS1","0.95354193","0.7901138663291931"
"PLEKHG4B","0.82647955","CTD-2231H16.1","0.5825082","false","PLEKHG4B","CTD-2231H16.1","0.95928586","0.7894245982170105"
"RP11-44F14.8","0.8355225","RP11-44F14.10","0.56291795","false","RP11-44F14.8","RP11-44F14.10","0.9562168","0.7848857045173645"
"SULT2A1","0.80204797","F9","0.6549323","false","SULT2A1","F9","0.8965982","0.7845261693000793"
"FAM95C","0.83513755","SNX18P3","0.5566865","false","FAM95C","SNX18P3","0.95575786","0.7825272679328918"
"RP11-344E13.4","0.8189089","CCDC144NL","0.5909953","false","RP11-344E13.4","CCDC144NL","0.93591833","0.7819408774375916"
"HAND2-AS1","0.82429695","HAND2","0.56061137","false","HAND2-AS1","HAND2","0.9531093","0.7793392539024353"
"SNORA71A","0.79027027","SNORA71C","0.6148403","false","SNORA71A","SNORA71C","0.92623043","0.777113676071167"
"UGT1A1","0.7880684","UGT1A4","0.6561547","false","UGT1A1","UGT1A4","0.8806305","0.7749512195587158"
"RP11-19E11.1","0.79556286","EN1","0.59669924","false","RP11-19E11.1","EN1","0.93185824","0.7747067809104919"
"AC005336.4","0.82229894","CYP4F11","0.54967344","false","AC005336.4","CYP4F11","0.94939524","0.7737891674041748"
"CYP4F30P","0.80225587","POTEI","0.5834661","false","CYP4F30P","POTEI","0.93468374","0.773468554019928"
"AC006946.16","0.79856837","AC006946.17","0.58205146","false","AC006946.16","AC006946.17","0.9315199","0.7707132697105408"
"RP11-19C24.1","0.8114852","RP11-25H12.1","0.5850018","false","RP11-19C24.1","RP11-25H12.1","0.9123263","0.7696044445037842"
"SNORD116-16","0.7932242","SNORD116-6","0.5700089","false","SNORD116-16","SNORD116-6","0.9404401","0.7678911089897156"
"APOC3","0.76651376","GC","0.68415844","false","APOC3","GC","0.8494933","0.766721785068512"
"OR8B7P","0.79396474","OR8A1","0.62954104","false","OR8B7P","OR8A1","0.8737167","0.7657408714294434"
"OR8X1P","0.78093004","OR8A1","0.64654016","false","OR8X1P","OR8A1","0.8678171","0.7650957703590393"
"SNORD3A","0.7820639","SNORD3D","0.62005234","false","SNORD3A","SNORD3D","0.8900274","0.7640479207038879"
"EIF3S5P1","0.7743358","AP003900.6","0.6379577","false","EIF3S5P1","AP003900.6","0.8783916","0.7635617256164551"
"POTEF","0.7813404","FAR2P1","0.5873578","false","POTEF","FAR2P1","0.9202813","0.7629931569099426"
"LCE1B","0.75887495","C1orf68","0.7223321","false","LCE1B","C1orf68","0.80743814","0.7628817558288574"
"GRAMD4P8","0.79742974","LINC01087","0.5547114","false","GRAMD4P8","LINC01087","0.9363157","0.7628189921379089"
"SNORD3A","0.7535135","SNORD3C","0.6351502","false","SNORD3A","SNORD3C","0.8982646","0.7623094916343689"
"C8A","0.7782549","KNG1","0.6207805","false","C8A","KNG1","0.8878042","0.7622799277305603"
"HOXA3","0.7974775","HOXA-AS2","0.5467183","false","HOXA3","HOXA-AS2","0.9421337","0.7621098160743713"
"MAGED4B","0.8032432","MAGED4","0.5418735","false","MAGED4B","MAGED4","0.9399431","0.7616866230964661"
"LL22NC03-N14H11.1","0.80108106","AL589743.1","0.5414581","false","LL22NC03-N14H11.1","AL589743.1","0.94153625","0.7613584399223328"
"OR1S2","0.7879747","RP11-566K19.12","0.6198398","false","OR1S2","RP11-566K19.12","0.8759791","0.7612645626068115"
"TPO","0.796898","AC144450.1","0.5559893","false","TPO","AC144450.1","0.92986697","0.760918140411377"
"AC003973.3","0.7823423","ZNF208","0.568463","false","AC003973.3","ZNF208","0.9231579","0.7579877376556396"
"VN1R53P","0.77206534","TMEM161BP1","0.59687483","false","VN1R53P","TMEM161BP1","0.90162396","0.7568547129631042"
"DUXAP10","0.78306305","LINC01296","0.5483738","false","DUXAP10","LINC01296","0.93815076","0.7565291523933411"
"SNORD116-16","0.8018361","SNORD116-15","0.5233848","false","SNORD116-16","SNORD116-15","0.9432331","0.7561512589454651"
"C4B","0.7491892","C4A","0.63516736","false","C4B","C4A","0.88295877","0.755771815776825"
"FAR2P1","0.7950369","KLF2P1","0.53390527","false","FAR2P1","KLF2P1","0.93756557","0.7555025219917297"
"TTC6","0.7715315","FOXA1","0.56950384","false","TTC6","FOXA1","0.9207397","0.7539250254631042"
"RP11-1038A11.3","0.81378484","RP11-1038A11.1","0.52869976","false","RP11-1038A11.3","RP11-1038A11.1","0.9162096","0.7528980374336243"
"CRP","0.74522424","F9","0.62083083","false","CRP","F9","0.892149","0.7527346611022949"
"HRG","0.77250916","KNG1","0.5760061","false","HRG","KNG1","0.90908074","0.7525320053100586"
"AC073551.1","0.7794822","AC093375.1","0.55122685","false","AC073551.1","AC093375.1","0.92593324","0.7522141337394714"
"LL22NC03-N14H11.1","0.7715315","LINC01296","0.5604484","false","LL22NC03-N14H11.1","LINC01296","0.9238407","0.7519402503967285"
"RP11-586K12.2","0.76645154","RP11-67H24.3","0.5636778","false","RP11-586K12.2","RP11-67H24.3","0.92206234","0.750730574131012"
"WT1","0.78133583","WT1-AS","0.5423172","false","WT1","WT1-AS","0.926278","0.7499769330024719"
"C3P1","0.7514185","F2","0.61860657","false","C3P1","F2","0.8778456","0.7492902278900146"
"ZIM2","0.7687595","PEG3","0.5526946","false","ZIM2","PEG3","0.9249733","0.7488090991973877"
"RN7SL314P","0.789792","TMEM161BP1","0.54689896","false","RN7SL314P","TMEM161BP1","0.90920305","0.7486312985420227"
"AMY1B","0.7667067","AMY1A","0.58467335","false","AMY1B","AMY1A","0.8923309","0.7479036450386047"
"SOX8","0.78450453","RP11-161M6.2","0.52281535","false","SOX8","RP11-161M6.2","0.9333428","0.7468875050544739"
"IGHA2","0.7835646","IGHA1","0.52123684","false","IGHA2","IGHA1","0.9351845","0.7466619610786438"
"OR4K8P","0.7628129","OR4K7P","0.63166064","false","OR4K8P","OR4K7P","0.8454376","0.7466370463371277"
"PHF21B","0.7848726","RP4-753M9.1","0.52851397","false","PHF21B","RP4-753M9.1","0.92428756","0.7458913922309875"
"FAR2P4","0.7538839","FAR2P1","0.56156874","false","FAR2P4","FAR2P1","0.91983885","0.7450971603393555"
"SNORA68","0.75495493","SNORA77","0.58133876","false","SNORA68","SNORA77","0.8983784","0.7448906898498535"
"C8B","0.7515515","APCS","0.62320584","false","C8B","APCS","0.85965556","0.744804322719574"
"CKMT1B","0.7658195","CKMT1A","0.5459133","false","CKMT1B","CKMT1A","0.922416","0.744716227054596"
"CTD-2083E4.7","0.7428162","LRRC14B","0.6025803","false","CTD-2083E4.7","LRRC14B","0.8883765","0.7445909976959229"
"AHSG","0.7589548","KNG1","0.5916904","false","AHSG","KNG1","0.88027936","0.7436415553092957"
"AC105342.1","0.7539046","MTND4P10","0.6126552","false","AC105342.1","MTND4P10","0.86397946","0.7435131072998047"
"HOXA6","0.78385454","HOXA-AS3","0.5293008","false","HOXA6","HOXA-AS3","0.91319764","0.742117702960968"
"LINC00355","0.76670057","NFYAP1","0.58598447","false","LINC00355","NFYAP1","0.87351304","0.742065966129303"
"RP11-284F21.10","0.77164274","RP11-284F21.7","0.53363085","false","RP11-284F21.10","RP11-284F21.7","0.920423","0.7418988347053528"
"OR8B8","0.79532325","OR8A1","0.561052","false","OR8B8","OR8A1","0.8675285","0.7413012385368347"
"AP000525.10","0.7504055","LINC01296","0.553078","false","AP000525.10","LINC01296","0.9201061","0.7411965727806091"
"HBB","0.7556757","ALAS2","0.5436583","false","HBB","ALAS2","0.9218777","0.7404038906097412"
"ANKRD20A5P","0.7715315","CYP4F35P","0.51823294","false","ANKRD20A5P","CYP4F35P","0.93038404","0.7400495409965515"
"PRODH2","0.74110305","KNG1","0.6139748","false","PRODH2","KNG1","0.8646518","0.7399098873138428"
"C9","0.74067605","F9","0.61859816","false","C9","F9","0.85929126","0.7395218014717102"
"RP11-284J1.1","0.77556944","RP11-532F6.5","0.51949227","false","RP11-284J1.1","RP11-532F6.5","0.92261505","0.7392255663871765"
"OR8B6P","0.7756404","OR8A1","0.584304","false","OR8B6P","OR8A1","0.8576134","0.7391858696937561"
"IGLC3","0.74968463","IGHG1","0.54914325","false","IGLC3","IGHG1","0.9176168","0.7388148903846741"
"RP11-555K2.2","0.7652325","MGC39584","0.56514096","false","RP11-555K2.2","MGC39584","0.8845274","0.7383003234863281"
"SNORD116-9","0.7640045","SNORD116-15","0.5249281","false","SNORD116-9","SNORD116-15","0.9257025","0.7382116913795471"
"RP11-131J3.1","0.7704899","NBPF4","0.51902425","false","RP11-131J3.1","NBPF4","0.9247376","0.7380838394165039"
"SNORD116-3","0.7632817","SNORD116-15","0.5249281","false","SNORD116-3","SNORD116-15","0.9254464","0.7378854155540466"
"ACSM2A","0.7426963","F9","0.5752396","false","ACSM2A","F9","0.8934224","0.7371194362640381"
"SNORD116-22","0.7552016","SNORD116-15","0.54338104","false","SNORD116-22","SNORD116-15","0.9127248","0.7371024489402771"
"LINC00993","0.73986477","TMEM161BP1","0.58741575","false","LINC00993","TMEM161BP1","0.8804306","0.7359037399291992"
"CPN1","0.7407336","KNG1","0.61888546","false","CPN1","KNG1","0.8463394","0.7353195548057556"
"OR8B2","0.74372584","OR8C1P","0.6102273","false","OR8B2","OR8C1P","0.8518362","0.7352631092071533"
"MT-RNR1","0.74558556","MT-RNR2","0.56544596","false","MT-RNR1","MT-RNR2","0.89445233","0.735161304473877"
"OR8G1","0.7810031","OR8A1","0.537631","false","OR8G1","OR8A1","0.8861111","0.734915018081665"
"HERC2P4","0.7326484","RP11-67H24.3","0.5587176","false","HERC2P4","RP11-67H24.3","0.90864605","0.7333373427391052"
"RP11-346M5.1","0.76179904","CYP4Z2P","0.54085577","false","RP11-346M5.1","CYP4Z2P","0.8970978","0.7332508563995361"
"KRT8P2","0.78419214","RP11-557C9.1","0.508911","false","KRT8P2","RP11-557C9.1","0.90651506","0.7332060933113098"
"MBL2","0.7349799","KNG1","0.5827742","false","MBL2","KNG1","0.8807598","0.732837975025177"
"RP11-593P24.2","0.7454548","RP11-144L1.4","0.6178477","false","RP11-593P24.2","RP11-144L1.4","0.8346181","0.7326402068138123"
"KIAA0125","0.7723095","FCRL5","0.50326574","false","KIAA0125","FCRL5","0.9220461","0.7325404286384583"
"RP11-141M3.6","0.7448649","ACKR2","0.53758776","false","RP11-141M3.6","ACKR2","0.9147653","0.732405960559845"
"SNORA16A","0.7490821","SNORA80A","0.5455163","false","SNORA16A","SNORA80A","0.9021524","0.7322502136230469"
"MTND5P30","0.7691094","AC007682.1","0.5483445","false","MTND5P30","AC007682.1","0.8783102","0.731921374797821"
"APCS","0.73293525","KNG1","0.6047601","false","APCS","KNG1","0.8578497","0.731848418712616"
"CTD-2384A14.1","0.7767094","RP11-30H9.1","0.551271","false","CTD-2384A14.1","RP11-30H9.1","0.86707795","0.7316861152648926"
"OR13H1","0.75013626","OR13K1P","0.5830549","false","OR13H1","OR13K1P","0.8598763","0.7310225367546082"
"RP11-379F12.3","0.74535286","GATA3-AS1","0.5554609","false","RP11-379F12.3","GATA3-AS1","0.89216876","0.7309941649436951"
"SNORA63","0.7326126","SNORA34","0.5648859","false","SNORA63","SNORA34","0.8951067","0.7308683395385742"
"ANKRD20A1","0.7500902","RP11-146D12.2","0.52726275","false","ANKRD20A1","RP11-146D12.2","0.9145418","0.7306315898895264"
"CPA3","0.7471144","TPSAB1","0.5572231","false","CPA3","TPSAB1","0.88689095","0.7304094433784485"
"FCRL5","0.7605482","POU2AF1","0.5501375","false","FCRL5","POU2AF1","0.88017356","0.7302864193916321"
"SNORD3A","0.75495493","SNORD10","0.5210334","false","SNORD3A","SNORD10","0.91450924","0.7301658987998962"
"APCDD1L","0.74846846","APCDD1L-AS1","0.5401551","false","APCDD1L","APCDD1L-AS1","0.9014225","0.7300153374671936"
"OR8D2","0.761946","OR8A1","0.567206","false","OR8D2","OR8A1","0.8600603","0.7297374606132507"
"IGKV1-17","0.77101046","IGKV1-6","0.4933388","false","IGKV1-17","IGKV1-6","0.9243947","0.729581356048584"
"TMCC1P1","0.75800914","PABPC1P6","0.56697917","false","TMCC1P1","PABPC1P6","0.86106235","0.7286835312843323"
"DEFA1","0.73406184","DEFA1B","0.6125893","false","DEFA1","DEFA1B","0.8392702","0.7286403775215149"
"TBX5","0.73970586","TBX5-AS1","0.55642766","false","TBX5","TBX5-AS1","0.8891267","0.728420078754425"
"SNORA71D","0.73477477","SNORA71C","0.5464444","false","SNORA71D","SNORA71C","0.9030157","0.728078305721283"
"IGHG1","0.7362539","IGHGP","0.5577932","false","IGHG1","IGHGP","0.8900964","0.7280478477478027"
"FOXF1","0.74783593","FENDRR","0.5192662","false","FOXF1","FENDRR","0.9167082","0.7279367446899414"
"SNORD116-1","0.7670578","SNORD116-15","0.48886168","false","SNORD116-1","SNORD116-15","0.927087","0.727668821811676"
"HBA2","0.75495493","ALAS2","0.51384604","false","HBA2","ALAS2","0.91365576","0.7274855971336365"
"FABP1","0.7194623","KNG1","0.6074632","false","FABP1","KNG1","0.8547223","0.7272159457206726"
"MAGEA6","0.7323649","MAGEA2","0.6067813","false","MAGEA6","MAGEA2","0.84243613","0.72719407081604"
"IGHV1-18","0.7399588","IGHG1","0.5307007","false","IGHV1-18","IGHG1","0.9103164","0.7269919514656067"
"KRT87P","0.74434286","KRT86","0.53278655","false","KRT87P","KRT86","0.90364224","0.7269238829612732"
"RP11-136K7.2","0.7501309","PMCHL2","0.53137255","false","RP11-136K7.2","PMCHL2","0.8987623","0.7267552018165588"
"OR52E5","0.7517364","OR52E8","0.56108624","false","OR52E5","OR52E8","0.8669306","0.7265844345092773"
"RP11-67H2.1","0.7512419","RP11-566K19.12","0.5691014","false","RP11-67H2.1","RP11-566K19.12","0.8573781","0.7259071469306946"
"CFHR2","0.7299474","APCS","0.6360027","false","CFHR2","APCS","0.81129384","0.7257480025291443"
"AC114776.3","0.7491412","PABPC1P6","0.5872812","false","AC114776.3","PABPC1P6","0.84027016","0.725564181804657"
"CTD-2313J23.1","0.72742236","PABPC1P6","0.6074498","false","CTD-2313J23.1","PABPC1P6","0.84177965","0.725550651550293"
"MAGEA12","0.750456","CSAG1","0.5521596","false","MAGEA12","CSAG1","0.8718941","0.7248365879058838"
"IGKV3-11","0.7430242","IGKV1-6","0.5210715","false","IGKV3-11","IGKV1-6","0.9100418","0.7247125506401062"
"RP11-131J3.1","0.7524688","SLC25A24P1","0.50795877","false","RP11-131J3.1","SLC25A24P1","0.91363984","0.7246891856193542"
"TPSAB1","0.7281259","TPSB2","0.5526526","false","TPSAB1","TPSB2","0.89321357","0.7246639728546143"
"BOD1L2","0.7494397","RP11-566K19.12","0.5817704","false","BOD1L2","RP11-566K19.12","0.8424773","0.7245624661445618"
"RP11-131J3.1","0.76444244","NBPF6","0.4875974","false","RP11-131J3.1","NBPF6","0.9207025","0.7242474555969238"
"OR10D3","0.7606543","OR8A1","0.56505674","false","OR10D3","OR8A1","0.846519","0.7240766882896423"
"SNX18P13","0.74213195","ANKRD20A11P","0.5283496","false","SNX18P13","ANKRD20A11P","0.8998265","0.7234360575675964"
"RP11-666G4.1","0.72103345","AC114776.3","0.6251822","false","RP11-666G4.1","AC114776.3","0.8235038","0.7232398390769958"
"IGKV1D-39","0.74724907","IGKV4-1","0.52130467","false","IGKV1D-39","IGKV4-1","0.90068215","0.7230786681175232"
"CRABP1","0.75106686","RP11-5O23.2","0.5225064","false","CRABP1","RP11-5O23.2","0.8950982","0.7228905558586121"
"CTD-3076M17.1","0.72338086","FAM169B","0.56807846","false","CTD-3076M17.1","FAM169B","0.87468433","0.7220478653907776"
"AGXT","0.717607","C3P1","0.61499894","false","AGXT","C3P1","0.8331543","0.7219200730323792"
"OR8G5","0.74976766","OR8A1","0.5546629","false","OR8G5","OR8A1","0.8597151","0.7213818430900574"
"LINC00861","0.7398198","LY9","0.51073176","false","LINC00861","LY9","0.91348505","0.7213456034660339"
"MAPT-AS1","0.7614576","MAPT-IT1","0.48156822","false","MAPT-AS1","MAPT-IT1","0.92084455","0.721290111541748"
"OR5E1P","0.7495729","RP11-494M8.4","0.54917735","false","OR5E1P","RP11-494M8.4","0.86507374","0.7212746143341064"
"RP11-608O21.1","0.7732337","RP11-3J1.1","0.49602494","false","RP11-608O21.1","RP11-3J1.1","0.894426","0.7212281823158264"
"KPRP","0.7477695","C1orf68","0.59212476","false","KPRP","C1orf68","0.82375157","0.7212152481079102"
"UGT2A3","0.7287277","FABP1","0.581708","false","UGT2A3","FABP1","0.8530123","0.7211493849754333"
"HPVC1","0.75965583","MTND4P10","0.5427616","false","HPVC1","MTND4P10","0.86033475","0.7209174036979675"
"IGHM","0.73094255","IGLC1","0.5345257","false","IGHM","IGLC1","0.8970619","0.7208433747291565"
"ORM1","0.73001045","ORM2","0.5452259","false","ORM1","ORM2","0.88671994","0.7206521034240723"
"NOVA1","0.74346507","RP11-483C6.1","0.5197979","false","NOVA1","RP11-483C6.1","0.89809096","0.7204513549804688"
"GJD2","0.7422586","HTR5A-AS1","0.57392627","false","GJD2","HTR5A-AS1","0.8447132","0.7202994227409363"
"SNORA64","0.7367066","SNORA34","0.5233223","false","SNORA64","SNORA34","0.90084165","0.7202901840209961"
"MAGEA2B","0.7331861","MAGEA2","0.5699744","false","MAGEA2B","MAGEA2","0.85753","0.7202301621437073"
"G6PC","0.732686","KNG1","0.5741059","false","G6PC","KNG1","0.853735","0.7201756834983826"
"ACSM2B","0.70728004","F9","0.5885184","false","ACSM2B","F9","0.86468446","0.720160961151123"
"RP5-865N13.1","0.723659","RP11-566K19.12","0.6161964","false","RP5-865N13.1","RP11-566K19.12","0.8205766","0.7201440334320068"
"OR52Q1P","0.74859345","OR52N2","0.5462093","false","OR52Q1P","OR52N2","0.86560297","0.7201352119445801"
"SNORA40","0.74176407","SCARNA23","0.5275222","false","SNORA40","SCARNA23","0.8911165","0.7201342582702637"
"RP11-25K19.1","0.7442284","TOX","0.5117097","false","RP11-25K19.1","TOX","0.9044171","0.7201183438301086"
"OLIG2","0.7563103","OLIG1","0.50037175","false","OLIG2","OLIG1","0.9035934","0.7200918197631836"
"SNORA48","0.7362162","SNORA34","0.528332","false","SNORA48","SNORA34","0.8947653","0.719771146774292"
"SNORA46","0.7672072","SNORD10","0.47726002","false","SNORA46","SNORD10","0.9147653","0.7197442054748535"
"TBC1D27","0.74666935","TNFRSF13B","0.5241527","false","TBC1D27","TNFRSF13B","0.88835406","0.7197253704071045"
"MTND2P6","0.7261007","RP11-566K19.12","0.60310096","false","MTND2P6","RP11-566K19.12","0.8298315","0.719677746295929"
"RP11-368J22.2","0.7511963","RGMA","0.49433413","false","RP11-368J22.2","RGMA","0.9126323","0.7193875908851624"
"AP000350.6","0.7380656","AP000350.5","0.5396433","false","AP000350.6","AP000350.5","0.8790193","0.7189094424247742"
"RP11-116D2.1","0.745122","UGT3A1","0.53268313","false","RP11-116D2.1","UGT3A1","0.8786985","0.7188345789909363"
"SERPINA7","0.7160627","UGT3A1","0.58536017","false","SERPINA7","UGT3A1","0.8543883","0.7186036705970764"
"RP11-81M19.1","0.7314326","EIF4BP4","0.60101134","false","RP11-81M19.1","EIF4BP4","0.8233583","0.7186007499694824"
"RP11-677O4.2","0.7442748","RP11-566K19.12","0.5790126","false","RP11-677O4.2","RP11-566K19.12","0.8324571","0.71858149766922"
"RP11-20I20.1","0.7328368","RNF212","0.5257912","false","RP11-20I20.1","RNF212","0.8970328","0.7185536026954651"
"SPATA31A7","0.7493483","GOLGA6L2","0.5491505","false","SPATA31A7","GOLGA6L2","0.85653156","0.7183434963226318"
"RP11-375N15.1","0.7493604","RP11-115J16.1","0.52428347","false","RP11-375N15.1","RP11-115J16.1","0.88114446","0.7182627320289612"
"IGKV3-15","0.7416836","IGKV4-1","0.5118294","false","IGKV3-15","IGKV4-1","0.9005074","0.7180067896842957"
"RP3-323A16.1","0.7355328","SC22CB-109E1.1","0.51934654","false","RP3-323A16.1","SC22CB-109E1.1","0.89794874","0.7176094055175781"
"IGKV1-33","0.7297012","IGKV1-6","0.53139913","false","IGKV1-33","IGKV1-6","0.88955164","0.7168839573860168"
"KRT7","0.7136421","RP3-416H24.1","0.5547283","false","KRT7","RP3-416H24.1","0.8801627","0.7161777019500732"
"AFF3","0.7319906","AC092667.2","0.52745867","false","AFF3","AC092667.2","0.88881","0.7160863876342773"
"LA16c-60D12.1","0.74540216","LA16c-60D12.2","0.5044651","false","LA16c-60D12.1","LA16c-60D12.2","0.89825386","0.7160403728485107"
"MAGEA3","0.7299234","MAGEA2","0.56873304","false","MAGEA3","MAGEA2","0.84858304","0.7157464623451233"
"LINC01293","0.7367281","LINC01291","0.49779743","false","LINC01293","LINC01291","0.9123204","0.7156152725219727"
"PCBP3-OT1","0.74948734","AJ011931.1","0.49548945","false","PCBP3-OT1","AJ011931.1","0.9017792","0.7155852913856506"
"RP3-333B15.4","0.7072748","RP11-566K19.12","0.6443067","false","RP3-333B15.4","RP11-566K19.12","0.7945407","0.7153740525245667"
"HERC2P5","0.7266499","RP11-67H24.3","0.50982374","false","HERC2P5","RP11-67H24.3","0.9094349","0.7153027653694153"
"UGT1A6","0.7312858","UGT1A3","0.53593993","false","UGT1A6","UGT1A3","0.87796545","0.715063750743866"
"F11","0.71874994","KNG1","0.5791477","false","F11","KNG1","0.84726834","0.7150552868843079"
"AC114776.3","0.73362505","MTND2P7","0.57145983","false","AC114776.3","MTND2P7","0.8399459","0.7150103449821472"
"AQP5","0.73203456","RP11-469H8.6","0.5192262","false","AQP5","RP11-469H8.6","0.8931933","0.714818000793457"
"HOXB5","0.75040615","HOXB-AS3","0.48490828","false","HOXB5","HOXB-AS3","0.90908056","0.7147982716560364"
"SYT8","0.727208","TNNI2","0.5259677","false","SYT8","TNNI2","0.8904886","0.7145547866821289"
"SNORD116-24","0.73815554","SNORD116-15","0.5107024","false","SNORD116-24","SNORD116-15","0.89373934","0.7141990661621094"
"IGHV1-69-2","0.71421087","IGKV1-12","0.5496902","false","IGHV1-69-2","IGKV1-12","0.8785479","0.7141496539115906"
"POTEE","0.7345468","FAR2P1","0.50717264","false","POTEE","FAR2P1","0.9005043","0.7140746116638184"
"HBA1","0.7448649","ALAS2","0.48845118","false","HBA1","ALAS2","0.9086771","0.7139976620674133"
"ANKRD20A3","0.74702704","FAM95B1","0.48177353","false","ANKRD20A3","FAM95B1","0.9128592","0.713886559009552"
"AC068137.5","0.723425","RP11-566K19.12","0.6054623","false","AC068137.5","RP11-566K19.12","0.81076974","0.7132189869880676"
"KPRP","0.7256547","RP4-760C5.5","0.579181","false","KPRP","RP4-760C5.5","0.8346844","0.7131733894348145"
"BOD1L2","0.7160576","REG1P","0.60696346","false","BOD1L2","REG1P","0.8164337","0.7131516337394714"
"RP3-407E4.4","0.73847604","RP3-407E4.3","0.5399643","false","RP3-407E4.4","RP3-407E4.3","0.86090994","0.7131168246269226"
"RP11-1151B14.3","0.7163244","F9","0.56286466","false","RP11-1151B14.3","F9","0.859644","0.7129443287849426"
"RP11-5A1.1","0.73270506","RP11-566K19.12","0.58232903","false","RP11-5A1.1","RP11-566K19.12","0.8237499","0.7129279971122742"
"CYP2C9","0.70393956","CPN1","0.6027018","false","CYP2C9","CPN1","0.8320671","0.7129027843475342"
"CPN1","0.7287445","INS-IGF2","0.58274174","false","CPN1","INS-IGF2","0.82709026","0.7128588557243347"
"RP11-846F4.5","0.71356326","RP11-626I20.3","0.583436","false","RP11-846F4.5","RP11-626I20.3","0.8415319","0.7128437161445618"
"IGLL5","0.74197173","IGKV1-6","0.49760914","false","IGLL5","IGKV1-6","0.8987436","0.7127748131752014"
"RP11-692C23.1","0.7502843","RP11-790J24.2","0.5272503","false","RP11-692C23.1","RP11-790J24.2","0.860559","0.7126978039741516"
"SNORA52","0.7131531","SNORA43","0.54964256","false","SNORA52","SNORA43","0.87487906","0.7125582695007324"
"IGKV2-28","0.731398","IGKV4-1","0.51253265","false","IGKV2-28","IGKV4-1","0.8932998","0.7124101519584656"
"LL22NC03-N64E9.1","0.7319314","AP000525.10","0.4948467","false","LL22NC03-N64E9.1","AP000525.10","0.910161","0.7123129963874817"
"IGF2BP2-AS1","0.74855745","IGF2BP2","0.47057647","false","IGF2BP2-AS1","IGF2BP2","0.9162387","0.7117908596992493"
"SNORD94","0.7225225","SNORD10","0.5262896","false","SNORD94","SNORD10","0.88645804","0.711756706237793"
"AL022344.5","0.7483136","RP11-989E6.8","0.5264166","false","AL022344.5","RP11-989E6.8","0.86026025","0.7116634845733643"
"RP11-146D12.2","0.7345468","FAM95B1","0.51235485","false","RP11-146D12.2","FAM95B1","0.88791525","0.7116056084632874"
"AC007128.1","0.72437936","RP4-594A5.1","0.52592105","false","AC007128.1","RP4-594A5.1","0.8843119","0.7115374207496643"
"ZNF676","0.71675676","ZNF208","0.5362552","false","ZNF676","ZNF208","0.88153625","0.7115160822868347"
"IFNG-AS1","0.75698334","HNRNPA1P70","0.46199936","false","IFNG-AS1","HNRNPA1P70","0.9154606","0.7114810943603516"
"CTD-2320B12.1","0.72388786","RP11-566K19.12","0.57995963","false","CTD-2320B12.1","RP11-566K19.12","0.83047646","0.7114413380622864"
"SCGB1D2","0.7157167","SCGB2A2","0.5390326","false","SCGB1D2","SCGB2A2","0.8795122","0.7114205360412598"
"OR10R3P","0.71530604","HSP90AB7P","0.62043625","false","OR10R3P","HSP90AB7P","0.7978394","0.711193859577179"
"RP11-760D2.11","0.73526466","RP11-846F4.6","0.54614854","false","RP11-760D2.11","RP11-846F4.6","0.8520364","0.7111498713493347"
"SNX18P9","0.72859603","ANKRD20A4","0.5207643","false","SNX18P9","ANKRD20A4","0.8837548","0.71103835105896"
"IGKV1-9","0.7182799","IGKV1-6","0.5284329","false","IGKV1-9","IGKV1-6","0.8858506","0.7108544707298279"
"LL22NC03-22D1.1","0.71190435","RP1-101G11.3","0.5642922","false","LL22NC03-22D1.1","RP1-101G11.3","0.8562555","0.7108173370361328"
"IGHV4-59","0.72028404","IGHV3-33","0.5394007","false","IGHV4-59","IGHV3-33","0.8713129","0.7103325724601746"
"OR5P3","0.7421777","OR5E1P","0.5371486","false","OR5P3","OR5E1P","0.8512664","0.7101976275444031"
"IGKV1-5","0.7339701","IGKV1-6","0.518775","false","IGKV1-5","IGKV1-6","0.8778357","0.7101936340332031"
"AKR1C1","0.7282883","AKR1C2","0.49821162","false","AKR1C1","AKR1C2","0.9037269","0.7100756168365479"
"MTND5P7","0.7275323","RP11-1217F2.9","0.56419367","false","MTND5P7","RP11-1217F2.9","0.8381149","0.7099469304084778"
"SNORD94","0.71675676","SNORA71B","0.5249329","false","SNORD94","SNORA71B","0.88810813","0.7099326252937317"
"TTR","0.7177413","CPN1","0.5693159","false","TTR","CPN1","0.8426792","0.709912121295929"
"ANKRD30A","0.709343","TMEM161BP1","0.5427288","false","ANKRD30A","TMEM161BP1","0.8773537","0.7098085284233093"
"UGT1A9","0.7366052","FAM99A","0.5748508","false","UGT1A9","FAM99A","0.8172713","0.7095757126808167"
"RGS6","0.7428563","AC005477.1","0.4731208","false","RGS6","AC005477.1","0.91273606","0.7095710635185242"
"IGLV1-40","0.72423255","IGHV4-59","0.52215475","false","IGLV1-40","IGHV4-59","0.8821729","0.7095200419425964"
"RP11-414J4.2","0.7377766","LMAN1L","0.48530516","false","RP11-414J4.2","LMAN1L","0.90501773","0.709366500377655"
"AC073869.7","0.7527172","LINC00550","0.53873456","false","AC073869.7","LINC00550","0.83590215","0.7091179490089417"
"HERC2P8","0.7405806","RP11-67H24.3","0.47261846","false","HERC2P8","RP11-67H24.3","0.9136533","0.7089508175849915"
"RP4-753D4.2","0.760929","RP1-269M15.3","0.4537139","false","RP4-753D4.2","RP1-269M15.3","0.91218996","0.7089443206787109"
"RP1-101D8.1","0.7356484","AJ011931.1","0.49971414","false","RP1-101D8.1","AJ011931.1","0.8909511","0.7087712287902832"
"SNORA71D","0.72612613","SNORA71B","0.5284339","false","SNORA71D","SNORA71B","0.8716927","0.7087509036064148"
"SNORA52","0.70954955","SNORA26","0.525565","false","SNORA52","SNORA26","0.8910384","0.7087176442146301"
"RP3-407E4.4","0.7270146","LGSN","0.53662926","false","RP3-407E4.4","LGSN","0.8620548","0.7085661888122559"
"HOXC10","0.70454586","HOXC11","0.53947407","false","HOXC10","HOXC11","0.8816132","0.7085444331169128"
"SNORA48","0.734054","SNORA26","0.49177742","false","SNORA48","SNORA26","0.8997724","0.7085346579551697"
"IGHV3-15","0.739151","IGKV4-1","0.4836344","false","IGHV3-15","IGKV4-1","0.9025993","0.708461582660675"
"ITIH1","0.7181775","F9","0.54729617","false","ITIH1","F9","0.8598551","0.7084429264068604"
"CYP2B6","0.70775425","F9","0.5639694","false","CYP2B6","F9","0.853252","0.708325207233429"
"IGLV2-23","0.7148551","IGHV1-2","0.52341473","false","IGLV2-23","IGHV1-2","0.88625205","0.708173930644989"
"RP11-13K12.5","0.7446644","RP11-13K12.1","0.49865377","false","RP11-13K12.5","RP11-13K12.1","0.8804409","0.7079196572303772"
"RP11-233E12.2","0.74906164","PABPC1P6","0.5435214","false","RP11-233E12.2","PABPC1P6","0.8311617","0.7079148888587952"
"APOA2","0.7061905","KNG1","0.5721298","false","APOA2","KNG1","0.84517944","0.7078332901000977"
"APOH","0.70558274","APOA2","0.5788282","false","APOH","APOA2","0.8390509","0.7078205943107605"
"FOXR2","0.73826855","BPESC1","0.5462291","false","FOXR2","BPESC1","0.8382521","0.7075832486152649"
"DUOXA2","0.7490185","DUOX2","0.47636732","false","DUOXA2","DUOX2","0.89712447","0.7075033783912659"
"HIST1H2BH","0.74414414","HIST1H3F","0.51504344","false","HIST1H2BH","HIST1H3F","0.8623044","0.7071639895439148"
"CFHR5","0.7025601","PRODH2","0.5908349","false","CFHR5","PRODH2","0.82758147","0.7069921493530273"
"RP11-474J18.1","0.71809137","EIF4BP4","0.6133824","false","RP11-474J18.1","EIF4BP4","0.7885021","0.706658661365509"
"SLC2A2","0.70038706","KNG1","0.5804905","false","SLC2A2","KNG1","0.83909434","0.706657350063324"
"F9","0.7114471","KNG1","0.5751651","false","F9","KNG1","0.8327005","0.7064375877380371"
"RP11-20F24.2","0.73829937","TMEM161BP1","0.5340584","false","RP11-20F24.2","TMEM161BP1","0.8449637","0.7057738304138184"
"SETP21","0.7426005","PART1","0.460433","false","SETP21","PART1","0.91389954","0.7056443095207214"
"RP11-434D2.3","0.7251721","LINC00700","0.5520193","false","RP11-434D2.3","LINC00700","0.8395635","0.7055850028991699"
"FOXR2","0.71977466","RP11-566K19.12","0.5737797","false","FOXR2","RP11-566K19.12","0.82276446","0.705439567565918"
"RP11-483I13.2","0.7307701","NBPF4","0.51657","false","RP11-483I13.2","NBPF4","0.86874914","0.7053630948066711"
"OR8A2P","0.7140622","OR8A1","0.5981021","false","OR8A2P","OR8A1","0.8028616","0.7050086855888367"
"INHBC","0.7023146","ACSM2A","0.54657584","false","INHBC","ACSM2A","0.86600465","0.7049650549888611"
"SLC17A2","0.7335648","UGT3A1","0.51399523","false","SLC17A2","UGT3A1","0.86713","0.7048966884613037"
"NEUROD1","0.7238919","OSTM1-AS1","0.5432039","false","NEUROD1","OSTM1-AS1","0.8474028","0.7048328518867493"
"SNORA57","0.7181982","SNORD10","0.49864522","false","SNORA57","SNORD10","0.8974111","0.7047514915466309"
"IGHV3-23","0.70755935","IGKV4-1","0.5283675","false","IGHV3-23","IGKV4-1","0.8777785","0.7045684456825256"
"DLX6","0.7425755","DLX6-AS1","0.48579535","false","DLX6","DLX6-AS1","0.88528913","0.7045533657073975"
"FGA","0.70400953","UGT1A4","0.5655855","false","FGA","UGT1A4","0.84384066","0.7044785618782043"
"CTD-2554C21.3","0.7134103","AC016582.2","0.5134274","false","CTD-2554C21.3","AC016582.2","0.8852338","0.7040238380432129"
"ANXA8","0.71299756","ANXA8L1","0.5281107","false","ANXA8","ANXA8L1","0.870451","0.7038530707359314"
"SPRR4","0.7351922","C1orf68","0.5714882","false","SPRR4","C1orf68","0.8045553","0.7037451863288879"
"C1orf64","0.721468","RP11-5P18.5","0.53894496","false","C1orf64","RP11-5P18.5","0.8505501","0.7036543488502502"
"MKRN3-AS1","0.7219866","MKRN3","0.49510545","false","MKRN3-AS1","MKRN3","0.8932154","0.7034358382225037"
"RP3-416J7.5","0.7300526","RP11-300M24.1","0.56863534","false","RP3-416J7.5","RP11-300M24.1","0.81157017","0.7034193873405457"
"APOA5","0.71288073","KNG1","0.5494779","false","APOA5","KNG1","0.8475832","0.7033140063285828"
"ACSM2B","0.7104076","SLC17A4","0.52313554","false","ACSM2B","SLC17A4","0.8762072","0.7032501101493835"
"OSTM1-AS1","0.70927775","AC114776.3","0.5597785","false","OSTM1-AS1","AC114776.3","0.8406","0.7032187581062317"
"RP11-180N14.1","0.72797096","ZNF385D","0.49799454","false","RP11-180N14.1","ZNF385D","0.88354576","0.7031704783439636"
"SNORA27","0.7302561","SNORA15","0.4826885","false","SNORA27","SNORA15","0.896561","0.7031685709953308"
"RP3-416J7.5","0.7241927","GOLGA6L2","0.57232994","false","RP3-416J7.5","GOLGA6L2","0.8128893","0.7031373381614685"
"SNORD116-2","0.721519","SNORD116-15","0.48930755","false","SNORD116-2","SNORD116-15","0.8982356","0.7030207514762878"
"OR52E6","0.72635084","OR52E8","0.5466267","false","OR52E6","OR52E8","0.8359681","0.7029818892478943"
"HNF4A","0.7200967","BAAT","0.5091986","false","HNF4A","BAAT","0.8796104","0.7029685974121094"
"IGHV2-5","0.7226548","IGKV1-27","0.504547","false","IGHV2-5","IGKV1-27","0.8816918","0.7029645442962646"
"IGHV3-30","0.72051936","IGKV4-1","0.50799847","false","IGHV3-30","IGKV4-1","0.8803443","0.7029539942741394"
"RP11-268G12.1","0.71526825","RP11-268G12.3","0.5701377","false","RP11-268G12.1","RP11-268G12.3","0.8232075","0.7028711438179016"
"OR14A2","0.7351254","OR1C1","0.49807373","false","OR14A2","OR1C1","0.8750968","0.7027652859687805"
"SNORA34","0.70103604","SNORA59A","0.5315785","false","SNORA34","SNORA59A","0.87565285","0.7027557492256165"
"DAO","0.73460895","ANKS4B","0.49311587","false","DAO","ANKS4B","0.88049346","0.702739417552948"
"IGHG3","0.7111432","IGKV4-1","0.50774956","false","IGHG3","IGKV4-1","0.88922083","0.7027046084403992"
"AL022344.5","0.72926724","TOPAZ1","0.52458066","false","AL022344.5","TOPAZ1","0.8542502","0.7026993632316589"
"OR4K12P","0.71060145","POTEC","0.53927356","false","OR4K12P","POTEC","0.85801","0.7026283740997314"
"SNORA7A","0.72324324","SNORD10","0.5102348","false","SNORA7A","SNORD10","0.87433857","0.7026055455207825"
"LINC00261","0.7241001","F11","0.5158724","false","LINC00261","F11","0.8678033","0.7025919556617737"
"RP5-991O23.1","0.7221979","AC114776.3","0.57184726","false","RP5-991O23.1","AC114776.3","0.8137183","0.7025878429412842"
"RP11-319E16.1","0.7318877","RP11-1038A11.1","0.5102079","false","RP11-319E16.1","RP11-1038A11.1","0.86565036","0.7025819420814514"
"IGHV4-59","0.72794276","IGKV1-6","0.49217328","false","IGHV4-59","IGKV1-6","0.8875832","0.702566385269165"
"ZNF849P","0.73496205","ZNF492","0.47736633","false","ZNF849P","ZNF492","0.89501655","0.7024483680725098"
"SERPINA7","0.70539254","F11","0.5602367","false","SERPINA7","F11","0.84114474","0.7022580504417419"
"LINC01360","0.73824453","MTND1P15","0.5332554","false","LINC01360","MTND1P15","0.83513343","0.7022110819816589"
"OR2L3","0.7178081","GJD2","0.5646284","false","OR2L3","GJD2","0.82385164","0.7020960450172424"
"MTND5P13","0.7452115","TCP10","0.5153602","false","MTND5P13","TCP10","0.8457073","0.7020929455757141"
"IGHV4-61","0.700083","IGKV1-5","0.5241235","false","IGHV4-61","IGKV1-5","0.8820249","0.7020770907402039"
"RP11-366F6.2","0.720889","MAGEA4","0.54338855","false","RP11-366F6.2","MAGEA4","0.8418062","0.7020278573036194"
"IGJ","0.71147954","IGKV4-1","0.5099096","false","IGJ","IGKV4-1","0.88468623","0.7020251154899597"
"MTND5P30","0.71941906","TNP2","0.53268206","false","MTND5P30","TNP2","0.85362875","0.7019100189208984"
"IGKV3-20","0.70778286","IGKV1-6","0.5062893","false","IGKV3-20","IGKV1-6","0.8916509","0.7019076943397522"
"C3P1","0.71703076","AFM","0.55953544","false","C3P1","AFM","0.8291264","0.7018975615501404"
"SNORA15","0.72327393","SNORA20","0.49365285","false","SNORA15","SNORA20","0.8887308","0.7018858790397644"
"RP11-144L1.4","0.723631","RP11-566K19.12","0.5669346","false","RP11-144L1.4","RP11-566K19.12","0.81496036","0.7018420100212097"
"OR8G1","0.71660304","OR4H6P","0.54895455","false","OR8G1","OR4H6P","0.8399243","0.7018272876739502"
"FCRL3","0.73886234","TIGIT","0.47165745","false","FCRL3","TIGIT","0.894932","0.7018172740936279"
"EIF4BP4","0.7338069","RP11-113E21.2","0.53571516","false","EIF4BP4","RP11-113E21.2","0.8358355","0.7017858624458313"
"CTD-3006G17.2","0.7244017","LINC00645","0.5193615","false","CTD-3006G17.2","LINC00645","0.86140734","0.7017235159873962"
"OR13G1","0.7349302","OR1C1","0.48756564","false","OR13G1","OR1C1","0.88232195","0.7016059756278992"
"OR8B4","0.70875746","OR8A1","0.5990941","false","OR8B4","OR8A1","0.79661286","0.701488196849823"
"RP11-372E1.4","0.71879","KB-1552D7.2","0.51543283","false","RP11-372E1.4","KB-1552D7.2","0.87015957","0.7014608383178711"
"MTND4P4","0.72563744","MTND5P6","0.55582774","false","MTND4P4","MTND5P6","0.8212879","0.7009177207946777"
"RP11-531A24.3","0.7182181","RP11-313C15.1","0.522893","false","RP11-531A24.3","RP11-313C15.1","0.86147517","0.7008621096611023"
"MTND5P23","0.7162893","MTND1P15","0.5759525","false","MTND5P23","MTND1P15","0.810302","0.7008479237556458"
"AL592528.1","0.718921","AJ011931.1","0.49741828","false","AL592528.1","AJ011931.1","0.8860878","0.7008090019226074"
"RP11-76C10.6","0.73475605","RP11-76C10.5","0.4807374","false","RP11-76C10.6","RP11-76C10.5","0.886914","0.7008025050163269"
"AC092535.3","0.73743016","RNF212","0.45466754","false","AC092535.3","RNF212","0.9099638","0.7006871700286865"
"FLJ33581","0.7236824","EIF4BP4","0.55449307","false","FLJ33581","EIF4BP4","0.82377106","0.700648844242096"
"SIX1","0.71371955","SALRNA1","0.5074651","false","SIX1","SALRNA1","0.88046664","0.7005504965782166"
"RP11-897M7.2","0.70672005","LINC01247","0.5859051","false","RP11-897M7.2","LINC01247","0.80888116","0.7005020976066589"
"GC","0.7130603","APOA2","0.55715346","false","GC","APOA2","0.83112526","0.700446367263794"
"IGKV2-40","0.7124158","IGKV2D-40","0.5932464","false","IGKV2-40","IGKV2D-40","0.79566","0.7004407048225403"
"MTND2P9","0.722614","RP11-566K19.12","0.5423234","false","MTND2P9","RP11-566K19.12","0.83594596","0.7002944946289062"
"AC011525.2","0.7125574","ACTR3BP2","0.5504012","false","AC011525.2","ACTR3BP2","0.83755213","0.7001702189445496"
"AC079248.1","0.71566457","HNRNPA1P38","0.56591177","false","AC079248.1","HNRNPA1P38","0.8185861","0.7000541687011719"
"GFY","0.70869726","AC114776.3","0.5617189","false","GFY","AC114776.3","0.8294165","0.6999441981315613"
"LINC00320","0.72008425","KIF2B","0.55548096","false","LINC00320","KIF2B","0.82273686","0.6994339823722839"
"RP11-897M7.2","0.7110708","RP11-544P1.3","0.57394767","false","RP11-897M7.2","RP11-544P1.3","0.8131505","0.699389636516571"
"RP11-771F20.1","0.73568475","RIMS2","0.4565565","false","RP11-771F20.1","RIMS2","0.90591544","0.6993855834007263"
"CSN3","0.7084919","AC073869.8","0.6189652","false","CSN3","AC073869.8","0.7704483","0.6993018984794617"
"RP11-624J12.1","0.73434067","PABPC1P6","0.54626924","false","RP11-624J12.1","PABPC1P6","0.8164868","0.6990322470664978"
"APCS","0.7019357","AFM","0.5738898","false","APCS","AFM","0.8212263","0.6990172863006592"
"MTRF1LP2","0.73107016","GSDMC","0.47542876","false","MTRF1LP2","GSDMC","0.8902822","0.6989269852638245"
"PLG","0.70535475","F9","0.556883","false","PLG","F9","0.8343749","0.6988708972930908"
"OR8B10P","0.72413397","OR8B6P","0.5591132","false","OR8B10P","OR8B6P","0.81284744","0.6986982226371765"
"APOC2","0.7138995","APOC4-APOC2","0.5219532","false","APOC2","APOC4-APOC2","0.8602236","0.6986920833587646"
"IGLV2-23","0.7147287","IGLV6-57","0.48748735","false","IGLV2-23","IGLV6-57","0.89314574","0.6984539031982422"
"MTND5P3","0.7468536","TRIM64B","0.517813","false","MTND5P3","TRIM64B","0.83045983","0.6983754634857178"
"IGLV1-47","0.7148426","IGKV1-6","0.4950179","false","IGLV1-47","IGKV1-6","0.88503695","0.6982991695404053"
"AC005235.1","0.7082385","RP11-25D10.2","0.5619354","false","AC005235.1","RP11-25D10.2","0.8244747","0.6982161998748779"
"IGHV5-51","0.7021572","IGKV3-20","0.52036786","false","IGHV5-51","IGKV3-20","0.87195987","0.6981616616249084"
"MIR7515HG","0.7073598","RP11-566K19.12","0.57992625","false","MIR7515HG","RP11-566K19.12","0.8067102","0.6979987621307373"
"RP11-113I24.1","0.7234222","AC114776.3","0.52943027","false","RP11-113I24.1","AC114776.3","0.84086293","0.6979051232337952"
"IGLV2-14","0.70319897","IGHV3-33","0.5248733","false","IGLV2-14","IGHV3-33","0.8652641","0.6977787613868713"
"IGLV3-19","0.72066975","IGKV1-6","0.48040953","false","IGLV3-19","IGKV1-6","0.89221287","0.6977640986442566"
"OR8D1","0.73561275","OR8A1","0.5286247","false","OR8D1","OR8A1","0.8290117","0.697749674320221"
"RP11-334E15.1","0.70324045","AC114776.3","0.55816734","false","RP11-334E15.1","AC114776.3","0.8317869","0.6977315545082092"
"IGLV3-21","0.709343","IGHV3-33","0.50787944","false","IGLV3-21","IGHV3-33","0.87597173","0.6977314352989197"
"LINC01206","0.72284013","EIF4BP4","0.51945424","false","LINC01206","EIF4BP4","0.85051644","0.6976035237312317"
"PSG6","0.7232979","PSG7","0.49415687","false","PSG6","PSG7","0.8750472","0.6975007057189941"
"RP11-116D2.1","0.7092593","BMP10","0.54633194","false","RP11-116D2.1","BMP10","0.8369038","0.6974983215332031"
"IGKV1-27","0.7326467","IGKV1-6","0.46339697","false","IGKV1-27","IGKV1-6","0.8964463","0.6974966526031494"
"MTND5P9","0.726791","ACTR3BP2","0.52856123","false","MTND5P9","ACTR3BP2","0.83683413","0.6973955035209656"
"IGKC","0.71719015","IGKV1-6","0.4886222","false","IGKC","IGKV1-6","0.8862184","0.6973435878753662"
"RSU1P2","0.7223943","RP11-445N18.7","0.50838727","false","RSU1P2","RP11-445N18.7","0.8610464","0.6972759366035461"
"OR1I1","0.72479206","REG1P","0.5338065","false","OR1I1","REG1P","0.83310604","0.6972348690032959"
"RP11-299H22.1","0.721929","OR1S2","0.55091405","false","RP11-299H22.1","OR1S2","0.81870484","0.6971826553344727"
"RP11-627H22.5","0.73547035","HPVC1","0.53070277","false","RP11-627H22.5","HPVC1","0.8253259","0.697166383266449"
"OR6P1","0.7033831","BPIFA3","0.6116345","false","OR6P1","BPIFA3","0.77646357","0.6971604228019714"
"IGHG2","0.7059673","IGHG3","0.50244254","false","IGHG2","IGHG3","0.8827847","0.6970648765563965"
"IGLC1","0.7165255","IGHG1","0.48578525","false","IGLC1","IGHG1","0.8887972","0.6970360279083252"
"RP11-284F21.9","0.7330523","RP11-284F21.7","0.4542581","false","RP11-284F21.9","RP11-284F21.7","0.9034625","0.6969243884086609"
"SNORA45A","0.7312662","SNORA26","0.4661341","false","SNORA45A","SNORA26","0.893265","0.6968884468078613"
"UGT1A1","0.72011316","UGT1A3","0.5327442","false","UGT1A1","UGT1A3","0.83765423","0.6968372464179993"
"AC004019.10","0.71478176","CECR2","0.4772041","false","AC004019.10","CECR2","0.8985087","0.6968315243721008"
"SLC17A6","0.70416105","RP4-815D20.1","0.5542644","false","SLC17A6","RP4-815D20.1","0.8318964","0.6967740058898926"
"IGHV2-70","0.7071141","IGLC2","0.4988412","false","IGHV2-70","IGLC2","0.8840219","0.6966590881347656"
"OR8B5P","0.7396723","OR8A1","0.5284994","false","OR8B5P","OR8A1","0.8217398","0.6966371536254883"
"IGKV1-16","0.71116656","IGKV1-6","0.52098465","false","IGKV1-16","IGKV1-6","0.85762143","0.6965909004211426"
"CTC-281M20.1","0.7100973","RP11-566K19.12","0.56445575","false","CTC-281M20.1","RP11-566K19.12","0.8151992","0.6965840458869934"
"POTED","0.7220352","OR4K7P","0.5298264","false","POTED","OR4K7P","0.8375655","0.6964756846427917"
"IGLV3-1","0.7036638","IGLV3-21","0.5086115","false","IGLV3-1","IGLV3-21","0.87702566","0.6964336037635803"
"RP11-238K6.1","0.7041362","GS1-519E5.1","0.55042684","false","RP11-238K6.1","GS1-519E5.1","0.83460665","0.69638991355896"
"SLC17A4","0.7169777","SLC17A3","0.50553405","false","SLC17A4","SLC17A3","0.8662037","0.6962385177612305"
"GABRA6","0.7120727","MIR124-2HG","0.57615054","false","GABRA6","MIR124-2HG","0.80023134","0.6961515545845032"
"RP4-815D20.1","0.72693306","RP1-101G11.3","0.5014752","false","RP4-815D20.1","RP1-101G11.3","0.8599644","0.696124255657196"
"RP11-434D2.3","0.7056588","C10orf53","0.55294037","false","RP11-434D2.3","C10orf53","0.82928556","0.6959615349769592"
"LINC00608","0.7215346","EIF4BP4","0.5406107","false","LINC00608","EIF4BP4","0.8251517","0.6957656741142273"
"RP11-144L1.4","0.71580017","MAPK6PS4","0.5412271","false","RP11-144L1.4","MAPK6PS4","0.8301394","0.6957222819328308"
"OR8B3","0.73272234","OR8A1","0.5271372","false","OR8B3","OR8A1","0.82682073","0.6955601572990417"
"HSP90AB7P","0.7123672","TMCC1P1","0.5683964","false","HSP90AB7P","TMCC1P1","0.805852","0.6955385208129883"
"MTND4P10","0.7077172","NEUROD6","0.5678872","false","MTND4P10","NEUROD6","0.8105219","0.6953754425048828"
"SNORA67","0.72396433","SNORA59A","0.4781269","false","SNORA67","SNORA59A","0.8837388","0.69527667760849"
"MIR124-2HG","0.71716624","THRAP3P1","0.53699225","false","MIR124-2HG","THRAP3P1","0.8316667","0.695275068283081"
"RP11-144L1.4","0.7059921","KB-1410C5.2","0.58757395","false","RP11-144L1.4","KB-1410C5.2","0.7920046","0.6951901912689209"
"RP11-846F4.5","0.7224601","RP11-846F4.6","0.5314006","false","RP11-846F4.5","RP11-846F4.6","0.83134234","0.6950677037239075"
"CH17-360D5.3","0.72241515","CH17-360D5.2","0.46729878","false","CH17-360D5.3","CH17-360D5.2","0.8953993","0.6950377821922302"
"SPATA31B1P","0.7205832","RP11-113I24.1","0.5246642","false","SPATA31B1P","RP11-113I24.1","0.8398462","0.6950311660766602"
"MTND5P7","0.708658","MIR7515HG","0.5536889","false","MTND5P7","MIR7515HG","0.8225895","0.6949787735939026"
"RP11-219A15.1","0.72329795","USP32P1","0.46631828","false","RP11-219A15.1","USP32P1","0.8952007","0.6949389576911926"
"ZNF806","0.71871704","NEUROD6","0.56291795","false","ZNF806","NEUROD6","0.80317736","0.6949374675750732"
"RP11-433A19.2","0.7198553","GRAMD4P8","0.4984628","false","RP11-433A19.2","GRAMD4P8","0.86626667","0.6948615908622742"
"RP11-53O19.2","0.70321995","RP11-53O19.1","0.5026396","false","RP11-53O19.2","RP11-53O19.1","0.87870175","0.6948537826538086"
"DPP10","0.7244735","DPP10-AS1","0.4960779","false","DPP10","DPP10-AS1","0.8638463","0.6947992444038391"
"SLC10A2","0.71473074","LINC01247","0.5452431","false","SLC10A2","LINC01247","0.824305","0.6947596073150635"
"SNORA71D","0.70144516","SNORD22","0.5100832","false","SNORA71D","SNORD22","0.872585","0.6947044730186462"
"AC011525.2","0.70967263","LINC01247","0.5523085","false","AC011525.2","LINC01247","0.821941","0.6946406960487366"
"LINC01109","0.7088455","MTND4P10","0.5630469","false","LINC01109","MTND4P10","0.8116579","0.6945167183876038"
"SIX6","0.708559","SALL4P7","0.4918894","false","SIX6","SALL4P7","0.8829034","0.6944506168365479"
"SNORA31","0.73379475","SNORA10","0.45261583","false","SNORA31","SNORA10","0.89693797","0.6944494843482971"
"FABP1","0.705469","SLC22A7","0.52810985","false","FABP1","SLC22A7","0.8497128","0.6944305896759033"
"HNF4A","0.7030176","KNG1","0.52240324","false","HNF4A","KNG1","0.85739577","0.6942722201347351"
"POTEC","0.71127","OR4K7P","0.5334764","false","POTEC","OR4K7P","0.83799225","0.694246232509613"
"RP1","0.7189629","RP11-550I15.1","0.49298993","false","RP1","RP11-550I15.1","0.87060434","0.694185733795166"
"RP11-266O8.1","0.7116624","RP11-164C12.2","0.5329497","false","RP11-266O8.1","RP11-164C12.2","0.83762497","0.6940789818763733"
"RP11-989E6.8","0.71213984","MTND4P10","0.5375837","false","RP11-989E6.8","MTND4P10","0.831032","0.6935851573944092"
"SNORA70","0.70807934","SNORA59A","0.49176177","false","SNORA70","SNORA59A","0.88084507","0.6935620307922363"
"PHOX2B","0.726746","GJD2","0.53042346","false","PHOX2B","GJD2","0.8235129","0.693560779094696"
"GABRR3","0.70094514","RP11-566K19.12","0.5518054","false","GABRR3","RP11-566K19.12","0.8278271","0.6935258507728577"
"IGLV2-11","0.70022553","IGKV1-6","0.5091619","false","IGLV2-11","IGKV1-6","0.87117046","0.6935192942619324"
"CYP1A2","0.7016811","APCS","0.5438807","false","CYP1A2","APCS","0.8349933","0.6935184001922607"
"SNX19P1","0.7217355","OR4K7P","0.52019894","false","SNX19P1","OR4K7P","0.83851224","0.6934822201728821"
"MTND5P6","0.71648055","PABPC1P6","0.5443637","false","MTND5P6","PABPC1P6","0.8195705","0.6934716105461121"
"SNORA76A","0.7001802","SNORA34","0.51943517","false","SNORA76A","SNORA34","0.86031294","0.693309485912323"
"RP11-634B7.4","0.7287245","OR1C1","0.46442813","false","RP11-634B7.4","OR1C1","0.8867297","0.693294107913971"
"SNORA84","0.7073874","SNORA80A","0.5112938","false","SNORA84","SNORA80A","0.8611949","0.6932920813560486"
"PRSS50","0.7479631","PRSS45","0.42135698","false","PRSS50","PRSS45","0.9105064","0.693275511264801"
"SNORA9","0.7030631","SNORA80A","0.50617445","false","SNORA9","SNORA80A","0.87055475","0.6932640671730042"
"MTND5P10","0.7100928","RP4-668E10.4","0.536511","false","MTND5P10","RP4-668E10.4","0.8331008","0.6932348608970642"
"IGHV3-11","0.7040265","IGHV4-59","0.49906582","false","IGHV3-11","IGHV4-59","0.87641364","0.6931686401367188"
"AC068137.5","0.7066828","RP11-113D6.10","0.5585931","false","AC068137.5","RP11-113D6.10","0.8135045","0.692926824092865"
"LINC00261","0.70791674","FOXA2","0.50705516","false","LINC00261","FOXA2","0.8632345","0.692735493183136"
"AL589743.1","0.72330487","RP11-496I2.5","0.4529298","false","AL589743.1","RP11-496I2.5","0.90151507","0.6925832629203796"
"SNORA15","0.708777","SNORA72","0.4798299","false","SNORA15","SNORA72","0.88883543","0.6924808025360107"
"SPATA31D5P","0.7196634","LINC00700","0.5306942","false","SPATA31D5P","LINC00700","0.8270244","0.6924607157707214"
"SNORD116-8","0.7209398","SNORD116-15","0.46726337","false","SNORD116-8","SNORD116-15","0.8890312","0.6924114227294922"
"KRT17","0.7033165","TRIM29","0.4887094","false","KRT17","TRIM29","0.88516194","0.6923959255218506"
"RP11-63H19.2","0.7039504","RP11-566K19.12","0.57641983","false","RP11-63H19.2","RP11-566K19.12","0.7965381","0.6923027634620667"
"IGHV4-39","0.7232362","IGLC1","0.46750727","false","IGHV4-39","IGLC1","0.8861067","0.6922833919525146"
"RP11-717H13.1","0.7106753","RP11-344G13.1","0.53137153","false","RP11-717H13.1","RP11-344G13.1","0.8339469","0.6919979453086853"
"RP11-238K6.1","0.7107549","CTC-281M20.1","0.5114632","false","RP11-238K6.1","CTC-281M20.1","0.8537261","0.6919813752174377"
"MTND1P28","0.7324031","PABPC1P6","0.5250117","false","MTND1P28","PABPC1P6","0.81816024","0.6918583512306213"
"LINC00320","0.71664315","GJD2","0.5448433","false","LINC00320","GJD2","0.8140365","0.6918409466743469"
"OR10K1","0.70349956","MTND2P20","0.5841843","false","OR10K1","MTND2P20","0.78712094","0.691601574420929"
"RP11-46E17.8","0.71461755","RP4-815D20.1","0.51507026","false","RP11-46E17.8","RP4-815D20.1","0.8449545","0.6915473937988281"
"FAM99A","0.71130866","KNG1","0.54586524","false","FAM99A","KNG1","0.8174587","0.691544234752655"
"MTND1P7","0.7167306","MTND2P7","0.5524564","false","MTND1P7","MTND2P7","0.80519277","0.6914598941802979"
"OR6P1","0.7157655","FGF4","0.56264347","false","OR6P1","FGF4","0.79593575","0.6914482116699219"
"RP11-757O6.6","0.73488814","CYP4F35P","0.4535085","false","RP11-757O6.6","CYP4F35P","0.8859348","0.6914438605308533"
"GNAS-AS1","0.7426642","RP4-806M20.3","0.44390503","false","GNAS-AS1","RP4-806M20.3","0.88702834","0.6911991238594055"
"SAMD11","0.71531534","RP11-54O7.3","0.47012708","false","SAMD11","RP11-54O7.3","0.88813657","0.6911930441856384"
"LINC00700","0.70959145","GOLGA6L2","0.55269104","false","LINC00700","GOLGA6L2","0.81119716","0.6911599040031433"
"ALDOB","0.7047509","APCS","0.52884245","false","ALDOB","APCS","0.8398481","0.6911471486091614"
"RP11-319E16.2","0.72132725","RP11-1038A11.1","0.4671542","false","RP11-319E16.2","RP11-1038A11.1","0.88415146","0.6908776164054871"
"SPATA31D2P","0.705392","LINC00700","0.5666409","false","SPATA31D2P","LINC00700","0.8002596","0.6907641887664795"
"CTD-3145H4.1","0.70536816","MTND4P10","0.5538343","false","CTD-3145H4.1","MTND4P10","0.81281847","0.6906736493110657"
"SNORA18","0.70096403","SNORA45A","0.4865496","false","SNORA18","SNORA45A","0.8843799","0.6906311511993408"
"USP29","0.70826477","MTND2P33","0.55432993","false","USP29","MTND2P33","0.80913436","0.6905763745307922"
"CTA-363E6.2","0.71661055","CTA-363E6.3","0.47198102","false","CTA-363E6.2","CTA-363E6.3","0.8829299","0.690507173538208"
"IGHV3-21","0.7023272","IGKV1-6","0.49691767","false","IGHV3-21","IGKV1-6","0.87225974","0.6905015110969543"
"SNORA68","0.71387386","SNORA26","0.4846381","false","SNORA68","SNORA26","0.87251776","0.6903432011604309"
"BOD1L2","0.7178509","AC007682.1","0.52225393","false","BOD1L2","AC007682.1","0.8303405","0.6901485323905945"
"MIR7515HG","0.7129076","PABPC1P6","0.54192835","false","MIR7515HG","PABPC1P6","0.8155905","0.6901421546936035"
"TP53TG3","0.7261097","TP53TG3C","0.4751212","false","TP53TG3","TP53TG3C","0.8691556","0.6901288032531738"
"SNORA24","0.71333486","SNORA63","0.4759296","false","SNORA24","SNORA63","0.8810907","0.6901183724403381"
"C5orf46","0.70730394","CTC-327F10.4","0.48159617","false","C5orf46","CTC-327F10.4","0.88101494","0.6899716854095459"
"AC073065.3","0.70087665","RP11-566K19.12","0.57651794","false","AC073065.3","RP11-566K19.12","0.79199046","0.6897950172424316"
"LINC00550","0.7141708","ACTR3BP2","0.54257476","false","LINC00550","ACTR3BP2","0.81255895","0.6897681355476379"
"PSG1","0.7256212","PSG6","0.46891832","false","PSG1","PSG6","0.8747622","0.6897671818733215"
"SAA4","0.7008187","SAA2","0.5058394","false","SAA4","SAA2","0.8621171","0.6895917057991028"
"RP11-475A13.1","0.71190447","CTD-2207A17.1","0.5171347","false","RP11-475A13.1","CTD-2207A17.1","0.8392178","0.6894189715385437"
"IGLV3-25","0.71024626","IGKV1-6","0.4788871","false","IGLV3-25","IGKV1-6","0.8790035","0.6893789768218994"
"LARP1BP1","0.72100097","MAPK6PS2","0.5190943","false","LARP1BP1","MAPK6PS2","0.82793814","0.6893444657325745"
"OPALIN","0.72255194","RP4-815D20.1","0.49875337","false","OPALIN","RP4-815D20.1","0.8463575","0.6892209649085999"
"MTND5P27","0.7014877","C10orf53","0.5516889","false","MTND5P27","C10orf53","0.81445897","0.6892118453979492"
"CPN1","0.7059562","UGT1A4","0.5423528","false","CPN1","UGT1A4","0.81902134","0.6891101002693176"
"SNORA18","0.7089941","SNORA74","0.4741947","false","SNORA18","SNORA74","0.88396525","0.6890513300895691"
"LINC01226","0.7141073","LINC01225","0.48380497","false","LINC01226","LINC01225","0.86924165","0.6890513300895691"
"CECR7","0.7112276","AC006946.17","0.4784418","false","CECR7","AC006946.17","0.877448","0.6890391707420349"
"OR11A1","0.71732163","MTND4P10","0.5148439","false","OR11A1","MTND4P10","0.8348589","0.6890081763267517"
"MTND5P3","0.70918614","RP11-566K19.12","0.55026793","false","MTND5P3","RP11-566K19.12","0.80696976","0.6888079643249512"
"OR5P1P","0.70852333","OR5P3","0.5293615","false","OR5P1P","OR5P3","0.82849824","0.6887943148612976"
"FCRL2","0.7227595","TNFRSF13B","0.45925727","false","FCRL2","TNFRSF13B","0.8842927","0.6887698173522949"
"LINC01007","0.70079887","NEUROD6","0.5726603","false","LINC01007","NEUROD6","0.7927064","0.6887218356132507"
"RP11-946L20.1","0.719999","TMCC1P1","0.52197653","false","RP11-946L20.1","TMCC1P1","0.82321006","0.6883952021598816"
"ATP8A2P1","0.7076493","TMEM161BP1","0.52565086","false","ATP8A2P1","TMEM161BP1","0.831686","0.688328742980957"
"SNORA7A","0.7090437","SNORA10","0.48159355","false","SNORA7A","SNORA10","0.87434214","0.6883264183998108"
"IGHV4-31","0.7051478","IGKV3-11","0.48553172","false","IGHV4-31","IGKV3-11","0.8738293","0.6881696581840515"
"RP11-527H14.4","0.70750123","ANKRD30B","0.499923","false","RP11-527H14.4","ANKRD30B","0.85616666","0.6878635883331299"
"RP11-67H2.1","0.71630096","RP11-790J24.2","0.54292697","false","RP11-67H2.1","RP11-790J24.2","0.80425817","0.6878287196159363"
"SNORA7B","0.7102703","SNORA26","0.47758538","false","SNORA7B","SNORA26","0.8755619","0.6878058910369873"
"MTND2P20","0.70896083","RP11-566K19.12","0.55840695","false","MTND2P20","RP11-566K19.12","0.7959457","0.6877711415290833"
"OR8C1P","0.73286116","RP11-30H9.1","0.5159763","false","OR8C1P","RP11-30H9.1","0.81441313","0.6877501606941223"
"MTND5P17","0.726106","LINC00550","0.5285162","false","MTND5P17","LINC00550","0.80857885","0.6877336502075195"
"IGHV3-48","0.70387423","IGLC1","0.47331762","false","IGHV3-48","IGLC1","0.8858331","0.6876749992370605"
"SNX19P3","0.7052308","OR4K7P","0.53074896","false","SNX19P3","OR4K7P","0.8265448","0.6875081658363342"
"SLC17A1","0.70212054","AC010872.1","0.5580662","false","SLC17A1","AC010872.1","0.801968","0.6873849034309387"
"MTND5P13","0.72112936","EIF4BP4","0.52609456","false","MTND5P13","EIF4BP4","0.81473356","0.6873190999031067"
"BLACAT1","0.7008569","LEMD1","0.50148803","false","BLACAT1","LEMD1","0.85928863","0.6872112154960632"
"OR2L6P","0.70408976","FLJ33581","0.52260405","false","OR2L6P","FLJ33581","0.83437043","0.6870214343070984"
"NKX2-2","0.7181038","RP5-984P4.6","0.48063993","false","NKX2-2","RP5-984P4.6","0.8621984","0.6869807243347168"
"RP11-601H16.1","0.71276605","CYCSP6","0.505035","false","RP11-601H16.1","CYCSP6","0.8428208","0.6868739724159241"
"MTND5P6","0.7042448","RP11-1217F2.7","0.5362961","false","MTND5P6","RP11-1217F2.7","0.81918865","0.6865765452384949"
"SNORA6","0.70047754","SNORA77","0.4774506","false","SNORA6","SNORA77","0.88164693","0.6865250468254089"
"SNORA80B","0.7073874","SNORA80A","0.46542963","false","SNORA80B","SNORA80A","0.8866856","0.6865008473396301"
"MTND5P3","0.7051813","ACTR3BP2","0.5542608","false","MTND5P3","ACTR3BP2","0.7999355","0.6864592432975769"
"ANKRD20A3","0.7003125","RP11-15E1.5","0.47453484","false","ANKRD20A3","RP11-15E1.5","0.8838229","0.6862234473228455"
"IGLC2","0.70787144","IGKV1-6","0.4592718","false","IGLC2","IGKV1-6","0.8909102","0.6860178112983704"
"LINC01370","0.72988504","AC010872.1","0.5117584","false","LINC01370","AC010872.1","0.81578356","0.6858089566230774"
"SLC35F3","0.7237342","RP4-799P18.2","0.4386996","false","SLC35F3","RP4-799P18.2","0.8947515","0.6857284903526306"
"IGLV2-23","0.70419997","IGKV1-6","0.46707487","false","IGLV2-23","IGKV1-6","0.88574827","0.6856743693351746"
"RP11-362F19.1","0.70822304","RP11-362F19.2","0.46949252","false","RP11-362F19.1","RP11-362F19.2","0.87753","0.6850817799568176"
"USP29","0.7159875","RP11-67H2.1","0.54881567","false","USP29","RP11-67H2.1","0.7900094","0.6849374771118164"
"MTND5P29","0.7117316","MTND4P10","0.5213646","false","MTND5P29","MTND4P10","0.82139707","0.6848311424255371"
"FGL1","0.7003574","APCS","0.5173506","false","FGL1","APCS","0.8367446","0.6848175525665283"
"MTND4P5","0.7174196","CTD-2313J23.1","0.49856618","false","MTND4P5","CTD-2313J23.1","0.83792883","0.6846382021903992"
"AP005901.1","0.70217705","THRAP3P1","0.5161758","false","AP005901.1","THRAP3P1","0.83543247","0.6845951080322266"
"REXO1L1P","0.70457315","RP1-101G11.3","0.48049325","false","REXO1L1P","RP1-101G11.3","0.8683442","0.6844701766967773"
"MUC17","0.7208797","EIF4BP4","0.49254745","false","MUC17","EIF4BP4","0.8398852","0.6844374537467957"
"PABPC1P13","0.7076918","HSP90AB7P","0.55325675","false","PABPC1P13","HSP90AB7P","0.7918261","0.684258222579956"
"OR10J6P","0.7078108","ANKS4B","0.5037466","false","OR10J6P","ANKS4B","0.84078467","0.6841139793395996"
"RP11-691G17.1","0.71108377","MTND4P10","0.50008047","false","RP11-691G17.1","MTND4P10","0.8409018","0.6840220093727112"
"OR5E1P","0.7213589","OR5P4P","0.49559215","false","OR5E1P","OR5P4P","0.834948","0.683966338634491"
"APOB","0.70067424","APCS","0.52201223","false","APOB","APCS","0.82910067","0.6839290261268616"
"IGHV1-69-2","0.7106114","IGKV1-6","0.46233198","false","IGHV1-69-2","IGKV1-6","0.8787897","0.6839110255241394"
"KLF2P4","0.70169157","FAR2P1","0.47821254","false","KLF2P4","FAR2P1","0.87170076","0.6838682293891907"
"AC073869.8","0.7009411","FOXR2","0.5616986","false","AC073869.8","FOXR2","0.7888384","0.6838260293006897"
"LINC01007","0.70402896","THRAP3P1","0.5289505","false","LINC01007","THRAP3P1","0.8183019","0.6837604641914368"
"LINC00836","0.70360607","HSP90AB7P","0.5353207","false","LINC00836","HSP90AB7P","0.81232893","0.6837518811225891"
"RP11-101E19.4","0.7101598","PABPC1P6","0.5342174","false","RP11-101E19.4","PABPC1P6","0.8068674","0.683748185634613"
"KLF17","0.71049964","RP5-1198O20.4","0.46447337","false","KLF17","RP5-1198O20.4","0.87582386","0.6835989952087402"
"SLC17A6","0.7025621","HTR5A","0.5324039","false","SLC17A6","HTR5A","0.8151803","0.6833820939064026"
"MIR124-2HG","0.7006492","PRKRIRP8","0.55329794","false","MIR124-2HG","PRKRIRP8","0.79606706","0.6833381056785583"
"LINC00320","0.7009957","RP5-998H6.2","0.54345375","false","LINC00320","RP5-998H6.2","0.8052694","0.6832396388053894"
"RP11-757O6.1","0.7166002","ANKRD20A5P","0.45318186","false","RP11-757O6.1","ANKRD20A5P","0.879931","0.6832377314567566"
"LINC00838","0.7039144","RP11-946L20.1","0.5334268","false","LINC00838","RP11-946L20.1","0.81229466","0.6832119822502136"
"OR8B1P","0.72080815","OR8A1","0.5191367","false","OR8B1P","OR8A1","0.8095623","0.6831690669059753"
"RP11-56A10.1","0.7053092","RP1","0.4999149","false","RP11-56A10.1","RP1","0.84378284","0.6830022931098938"
"ARHGEF4","0.7076485","AC133785.1","0.45974347","false","ARHGEF4","AC133785.1","0.8814893","0.6829604506492615"
"MTND4P20","0.7056681","RP11-116D2.1","0.4958097","false","MTND4P20","RP11-116D2.1","0.84713095","0.6828696131706238"
"GDF2","0.7014981","FAM99A","0.5544501","false","GDF2","FAM99A","0.7923772","0.68277508020401"
"AC011518.1","0.7053145","RP5-991O23.1","0.5412056","false","AC011518.1","RP5-991O23.1","0.8014973","0.6826724410057068"
"AC006548.28","0.7156852","RP11-846F4.6","0.48434758","false","AC006548.28","RP11-846F4.6","0.8475111","0.6825146079063416"
"LARP1BP1","0.7072261","GOLGA6L2","0.5277518","false","LARP1BP1","GOLGA6L2","0.81238604","0.6824546456336975"
"RP11-56L13.1","0.7004957","MTND1P15","0.5491389","false","RP11-56L13.1","MTND1P15","0.797403","0.6823458671569824"
"RP5-921G16.1","0.71695966","RP11-566K19.12","0.5038239","false","RP5-921G16.1","RP11-566K19.12","0.82606643","0.682283341884613"
"HTN1","0.7086725","PROL1","0.5295239","false","HTN1","PROL1","0.80820274","0.6821330189704895"
"RP11-481F24.3","0.72337234","SLC6A2","0.44749233","false","RP11-481F24.3","SLC6A2","0.8755258","0.6821301579475403"
"TUSC5","0.7067103","ADIPOQ","0.47189888","false","TUSC5","ADIPOQ","0.8671062","0.6819050908088684"
"PROL1","0.70254654","NEUROD6","0.56380886","false","PROL1","NEUROD6","0.7793394","0.681898295879364"
"RP11-1086I4.2","0.7094707","RP4-815D20.1","0.49701","false","RP11-1086I4.2","RP4-815D20.1","0.83887494","0.6817852854728699"
"CYLC2","0.70925486","GOLGA6L2","0.52947193","false","CYLC2","GOLGA6L2","0.80660546","0.6817774772644043"
"SCARNA18","0.7088662","SNORA59A","0.4585147","false","SCARNA18","SNORA59A","0.87794334","0.6817746758460999"
"SLC4A1APP2","0.71456575","PABPC1P6","0.53306544","false","SLC4A1APP2","PABPC1P6","0.79749656","0.6817092895507812"
"IGLC1","0.7115053","IGKV1-6","0.45768636","false","IGLC1","IGKV1-6","0.87581414","0.6816685795783997"
"RP11-144L1.4","0.7189753","GOLGA6L2","0.51839393","false","RP11-144L1.4","GOLGA6L2","0.8072475","0.6815388798713684"
"HOXA6","0.7048374","HOXA5","0.4541558","false","HOXA6","HOXA5","0.88507915","0.6813574433326721"
"TOX3","0.710964","RP11-132F7.2","0.44846448","false","TOX3","RP11-132F7.2","0.8842838","0.6812373995780945"
"NEFHP1","0.70608926","FLJ33581","0.5319769","false","NEFHP1","FLJ33581","0.8043887","0.6808183193206787"
"MYADML","0.70917726","RP11-544P1.3","0.5222258","false","MYADML","RP11-544P1.3","0.8098643","0.6804224848747253"
"OR10J6P","0.7065598","FAM169B","0.4824434","false","OR10J6P","FAM169B","0.8521849","0.6803960800170898"
"MOGAT3","0.71534747","INS-IGF2","0.5146323","false","MOGAT3","INS-IGF2","0.81119484","0.6803915500640869"
"RP11-144L1.4","0.70271844","HNRNPA1P38","0.5383649","false","RP11-144L1.4","HNRNPA1P38","0.7998452","0.680309534072876"
"B3GALT5-AS1","0.7043333","B3GALT5","0.44660106","false","B3GALT5-AS1","B3GALT5","0.8899132","0.6802825331687927"
"RP5-968D22.1","0.7023865","QRSL1P1","0.4762499","false","RP5-968D22.1","QRSL1P1","0.8619621","0.6801994442939758"
"HBA1","0.7088288","SLC4A1","0.44503036","false","HBA1","SLC4A1","0.88617355","0.6800108551979065"
"RP11-70F11.8","0.7181244","GOLGA6L2","0.47692007","false","RP11-70F11.8","GOLGA6L2","0.8445571","0.6798672080039978"
"OR52E4","0.71378887","OR52E8","0.5083001","false","OR52E4","OR52E8","0.81696707","0.6796853542327881"
"PSG1","0.7017174","PSG11","0.48696595","false","PSG1","PSG11","0.8491997","0.6792943477630615"
"LL22NC03-27C5.1","0.7096891","RP4-815D20.1","0.4894115","false","LL22NC03-27C5.1","RP4-815D20.1","0.8382106","0.679103672504425"
"RP11-654E17.2","0.71344763","PTCHD1","0.44727138","false","RP11-654E17.2","PTCHD1","0.876528","0.6790823936462402"
"SNORA10","0.701764","SNORA26","0.4595759","false","SNORA10","SNORA26","0.8754819","0.6789405941963196"
"MAN1A2P1","0.7134872","RP5-998H6.2","0.51253647","false","MAN1A2P1","RP5-998H6.2","0.809799","0.6786075234413147"
"RP4-555D20.2","0.71297777","RP4-555D20.1","0.47920594","false","RP4-555D20.2","RP4-555D20.1","0.84359884","0.678594172000885"
"SNORA27","0.70571274","SNORA63","0.45417392","false","SNORA27","SNORA63","0.8758526","0.6785797476768494"
"PRNT","0.7019979","AC114776.3","0.5376626","false","PRNT","AC114776.3","0.7960436","0.6785680651664734"
"HOXA11-AS","0.70003265","HOXA11","0.46907195","false","HOXA11-AS","HOXA11","0.86658794","0.6785641312599182"
"IGHV4-31","0.70086366","IGHV4-28","0.4723044","false","IGHV4-31","IGHV4-28","0.86196685","0.6783782839775085"
"SLC4A1APP2","0.70157087","KNCN","0.5529962","false","SLC4A1APP2","KNCN","0.7800862","0.6782178282737732"
"CACNG3","0.705859","LINC00550","0.55545646","false","CACNG3","LINC00550","0.7726675","0.6779943108558655"
"OBP2A","0.7000768","OBP2B","0.50192356","false","OBP2A","OBP2B","0.8317525","0.6779176592826843"
"IGLC1","0.71665466","IGKV4-1","0.44061738","false","IGLC1","IGKV4-1","0.87621444","0.677828848361969"
"CYP4F29P","0.70446396","ANKRD20A11P","0.46522382","false","CYP4F29P","ANKRD20A11P","0.86370254","0.6777967810630798"
"MS4A1","0.7128749","FCRL1","0.43773484","false","MS4A1","FCRL1","0.88252366","0.6777111887931824"
"MTND5P9","0.70917076","RP11-45K10.2","0.50898355","false","MTND5P9","RP11-45K10.2","0.81432545","0.6774932742118835"
"RP11-538C21.2","0.71424735","RP11-760D2.11","0.503255","false","RP11-538C21.2","RP11-760D2.11","0.8142718","0.6772580146789551"
"CTA-342B11.3","0.701092","RP1-101G11.3","0.47446552","false","CTA-342B11.3","RP1-101G11.3","0.8560993","0.6772189140319824"
"OR8B12","0.7013539","OR8A1","0.5366036","false","OR8B12","OR8A1","0.7926529","0.6768701076507568"
"RP11-753D20.4","0.7003725","EIF4BP4","0.5234101","false","RP11-753D20.4","EIF4BP4","0.80629694","0.6766931414604187"
"ANKRD30BP2","0.7107891","RP11-760D2.11","0.4785856","false","ANKRD30BP2","RP11-760D2.11","0.84055394","0.676642894744873"
"EIF4BP4","0.7065572","REG1P","0.5270989","false","EIF4BP4","REG1P","0.79599756","0.6765512824058533"
"MTND1P15","0.7125886","TRIM64B","0.5183843","false","MTND1P15","TRIM64B","0.79833776","0.6764369010925293"
"KLK2","0.70247877","RP11-566K19.12","0.49887577","false","KLK2","RP11-566K19.12","0.82745916","0.6762712001800537"
"NEFMP1","0.7138863","RP4-815D20.1","0.48350132","false","NEFMP1","RP4-815D20.1","0.8312701","0.6762192845344543"
"HNRNPA1P42","0.7039144","CTB-43I4.1","0.5131554","false","HNRNPA1P42","CTB-43I4.1","0.8112981","0.6761226654052734"
"AC005235.1","0.70057875","RP1-101G11.3","0.49690938","false","AC005235.1","RP1-101G11.3","0.8308475","0.6761118769645691"
"SIX6","0.7004794","SALRNA1","0.44950867","false","SIX6","SALRNA1","0.87728786","0.6757586598396301"
"CTD-2207A17.1","0.7111073","PABPC1P6","0.50473094","false","CTD-2207A17.1","PABPC1P6","0.81135267","0.675730288028717"
"RP4-815D20.1","0.7164562","PABPC1P6","0.49992922","false","RP4-815D20.1","PABPC1P6","0.8107244","0.675703227519989"
"ZNF806","0.7094274","EIF4BP4","0.51263124","false","ZNF806","EIF4BP4","0.80450004","0.6755195260047913"
"RP11-1038A11.2","0.7181426","RP11-1038A11.1","0.43939528","false","RP11-1038A11.2","RP11-1038A11.1","0.8689778","0.6755052208900452"
"FCRL5","0.7106433","FCRL2","0.43381593","false","FCRL5","FCRL2","0.88194615","0.6754684448242188"
"RP11-301G19.1","0.70344543","BPIFA3","0.5275927","false","RP11-301G19.1","BPIFA3","0.7950661","0.675368070602417"
"LINC00593","0.70996535","PCAT29","0.4364984","false","LINC00593","PCAT29","0.8794658","0.6753098368644714"
"MTND5P3","0.71311957","TPD52L3","0.50214773","false","MTND5P3","TPD52L3","0.8103529","0.67520672082901"
"RP3-449H6.2","0.71520454","RP11-144L1.4","0.5182588","false","RP3-449H6.2","RP11-144L1.4","0.79135126","0.6749382019042969"
"SNORA8","0.7021672","SNORA26","0.44369134","false","SNORA8","SNORA26","0.8786456","0.6748347282409668"
"BPIFA3","0.7048106","GOLGA6L2","0.5311126","false","BPIFA3","GOLGA6L2","0.7885402","0.674821138381958"
"OR8B5P","0.7143884","RP11-30H9.1","0.50502974","false","OR8B5P","RP11-30H9.1","0.80352336","0.6743137836456299"
"MUC7","0.70085144","RP11-63H19.2","0.5316148","false","MUC7","RP11-63H19.2","0.7903367","0.674267590045929"
"OR52Q1P","0.7115643","OR52E8","0.49307021","false","OR52Q1P","OR52E8","0.8179015","0.6741786599159241"
"IGLV1-51","0.70260954","IGHV3-15","0.44825178","false","IGLV1-51","IGHV3-15","0.86979795","0.6735530495643616"
"RP4-815D20.1","0.70036477","RP11-340L3.1","0.4743312","false","RP4-815D20.1","RP11-340L3.1","0.8452035","0.6732997894287109"
"RP11-379F12.4","0.7068194","GATA3-AS1","0.4554283","false","RP11-379F12.4","GATA3-AS1","0.8574807","0.6732428073883057"
"OR11K1P","0.71834964","OR4H6P","0.47950524","false","OR11K1P","OR4H6P","0.8200242","0.6726263165473938"
"RP11-67H2.1","0.7037767","ZIM3","0.5226608","false","RP11-67H2.1","ZIM3","0.79132235","0.6725866198539734"
"RP5-998H6.2","0.7034963","MTND2P9","0.51855016","false","RP5-998H6.2","MTND2P9","0.7955564","0.6725342869758606"
"IGHV4-55","0.7183788","IGHV4-28","0.4325855","false","IGHV4-55","IGHV4-28","0.8666131","0.6725258231163025"
"LINC01360","0.70482594","RP11-1437A8.4","0.5284444","false","LINC01360","RP11-1437A8.4","0.781477","0.6715824604034424"
"OR4N3P","0.7032608","LINC01193","0.47867927","false","OR4N3P","LINC01193","0.83255035","0.6714968085289001"
"RP11-496I2.5","0.71048605","RP11-146E13.4","0.41379818","false","RP11-496I2.5","RP11-146E13.4","0.8889237","0.671069324016571"
"OR8B7P","0.7002891","PDCL3P3","0.5270102","false","OR8B7P","PDCL3P3","0.78590435","0.6710678935050964"
"PCBP3","0.71049964","AJ011931.1","0.41917512","false","PCBP3","AJ011931.1","0.8829189","0.6708645820617676"
"OR52E5","0.7056738","OR52E7P","0.48083484","false","OR52E5","OR52E7P","0.82600766","0.6708387732505798"
"RP11-78H18.2","0.71084535","MTND5P3","0.48272166","false","RP11-78H18.2","MTND5P3","0.8187161","0.6707610487937927"
"LINC00343","0.7065879","BPIFA3","0.52307576","false","LINC00343","BPIFA3","0.7819901","0.6705512404441833"
"RP11-478J18.2","0.7205085","PROX1-AS1","0.4014238","false","RP11-478J18.2","PROX1-AS1","0.8885569","0.670163094997406"
"SNORA84","0.70249194","SNORA59A","0.4353073","false","SNORA84","SNORA59A","0.8705809","0.6694600582122803"
"OR4H6P","0.7069003","LINC01193","0.47735217","false","OR4H6P","LINC01193","0.8220854","0.6687793135643005"
"RP11-861E23.2","0.7008813","GOLGA6L2","0.48649216","false","RP11-861E23.2","GOLGA6L2","0.8185014","0.6686249375343323"
"RP11-720D4.2","0.7004584","RP11-665E10.5","0.44324893","false","RP11-720D4.2","RP11-665E10.5","0.8610289","0.6682453751564026"
"ZNF806","0.72043","AC009234.1","0.46137935","false","ZNF806","AC009234.1","0.82186264","0.667890727519989"
"CCDC11P1","0.7000404","OR10R3P","0.5083272","false","CCDC11P1","OR10R3P","0.7949376","0.6677684187889099"
"MTND5P10","0.7044086","RP11-566K19.12","0.4686146","false","MTND5P10","RP11-566K19.12","0.82998794","0.6676704287528992"
"IGLV2-14","0.7012154","IGHV4-34","0.41199765","false","IGLV2-14","IGHV4-34","0.88969857","0.6676371693611145"
"MTND2P23","0.71024644","AC105921.5","0.4087388","false","MTND2P23","AC105921.5","0.88271385","0.6672329902648926"
"RP11-2A4.4","0.70082843","RP11-846F4.6","0.48444244","false","RP11-2A4.4","RP11-846F4.6","0.8148013","0.6666907668113708"
"RP11-760D2.11","0.7104247","EIF4BP4","0.49699807","false","RP11-760D2.11","EIF4BP4","0.7903648","0.6659291386604309"
"LINC00559","0.7018026","GOLGA6L2","0.486135","false","LINC00559","GOLGA6L2","0.8093868","0.6657748222351074"
"APOA4","0.7130152","FAM99A","0.4938419","false","APOA4","FAM99A","0.78959405","0.6654837131500244"
"SMIM21","0.7009769","RP11-624J12.1","0.46972954","false","SMIM21","RP11-624J12.1","0.82545054","0.6653856635093689"
"SPATA31D1","0.70031","AC073065.3","0.4927084","false","SPATA31D1","AC073065.3","0.79959434","0.6642042994499207"
"IGHA1","0.701036","IGHV3-15","0.42301655","false","IGHA1","IGHV3-15","0.8652095","0.6630873680114746"
"MTND4P8","0.7049399","LINC01247","0.46125904","false","MTND4P8","LINC01247","0.8214441","0.6625476479530334"
"AC112198.1","0.70012957","RP11-566K19.12","0.45792833","false","AC112198.1","RP11-566K19.12","0.8292424","0.6624334454536438"
"IGJ","0.7020412","IGLV4-69","0.4237201","false","IGJ","IGLV4-69","0.8606597","0.6621403098106384"
"RP11-384O8.1","0.7003413","AC010980.2","0.4119298","false","RP11-384O8.1","AC010980.2","0.87110114","0.661124050617218"
"RP11-513O17.3","0.7061842","FOXR2","0.46273926","false","RP11-513O17.3","FOXR2","0.8133467","0.6607567667961121"
"MTATP6P4","0.7076876","MTND2P20","0.4808059","false","MTATP6P4","MTND2P20","0.7926656","0.6603863835334778"
"LINC00841","0.70100874","MTND5P13","0.46986103","false","LINC00841","MTND5P13","0.7957997","0.6555564999580383"
"IGKV3-20","0.7421977","IGKV4-1","0.5133046","false","IGKV3-20","IGKV4-1","0.9037834","0.719761848449707"
"IGKV3-11","0.7143888","IGKV4-1","0.5486762","false","IGKV3-11","IGKV4-1","0.89047265","0.7178459167480469"
"IGKV1-33","0.7314805","IGKV4-1","0.49850252","false","IGKV1-33","IGKV4-1","0.8908113","0.7069314122200012"
"IGKC","0.7886106","IGKV4-1","0.5803158","false","IGKC","IGKV4-1","0.9332499","0.767392098903656"
"IGLC2","0.71953857","IGKV4-1","0.5004815","false","IGLC2","IGKV4-1","0.8847779","0.7015992999076843"
"C3P1","0.71934277","KNG1","0.5631961","false","C3P1","KNG1","0.83664757","0.7063954472541809"
"MTND2P9","0.70939946","EIF4BP4","0.5915677","false","MTND2P9","EIF4BP4","0.81702447","0.7059972286224365"
"CTC-281M20.1","0.7656955","EIF4BP4","0.59879357","false","CTC-281M20.1","EIF4BP4","0.8684519","0.744313657283783"
"CTD-2320B12.1","0.72082114","EIF4BP4","0.6157849","false","CTD-2320B12.1","EIF4BP4","0.8270246","0.7212101817131042"
"RP3-333B15.4","0.72172976","EIF4BP4","0.57377326","false","RP3-333B15.4","EIF4BP4","0.80492705","0.7001433372497559"
"IGHV3-15","0.74276894","IGLC1","0.5058949","false","IGHV3-15","IGLC1","0.9098853","0.7195164561271667"
"IGKV3-20","0.7342597","IGLC1","0.5094966","false","IGKV3-20","IGLC1","0.8974244","0.7137269377708435"
"IGHG3","0.7306167","IGLC1","0.52363235","false","IGHG3","IGLC1","0.9008286","0.7183592319488525"
"IGLV2-14","0.7152925","IGLC1","0.504166","false","IGLV2-14","IGLC1","0.8955249","0.7049944996833801"
"IGKV3-11","0.74395967","IGLC1","0.5140697","false","IGKV3-11","IGLC1","0.9052954","0.7211082577705383"
"IGKV1-33","0.744491","IGLC1","0.5079589","false","IGKV1-33","IGLC1","0.895464","0.7159712910652161"
"IGKC","0.7749144","IGLC1","0.51990324","false","IGKC","IGLC1","0.9259383","0.7402520179748535"
"IGLL5","0.8518856","IGLC1","0.5884471","false","IGLL5","IGLC1","0.9665479","0.8022935390472412"
"FOXR2","0.72252303","MTND4P10","0.5814906","false","FOXR2","MTND4P10","0.82446796","0.70949387550354"
"RP11-474J18.1","0.7371255","PABPC1P6","0.6171157","false","RP11-474J18.1","PABPC1P6","0.7981039","0.7174484133720398"
"CTD-2320B12.1","0.7434711","PABPC1P6","0.6175998","false","CTD-2320B12.1","PABPC1P6","0.83518314","0.7320846915245056"
"OR6P1","0.7244746","PABPC1P6","0.5887463","false","OR6P1","PABPC1P6","0.79512674","0.7027825713157654"
"AHSG","0.73464465","F9","0.60989255","false","AHSG","F9","0.8492165","0.7312512397766113"
"CPN1","0.76957625","F9","0.66101396","false","CPN1","F9","0.87502044","0.7685368657112122"
"APCS","0.78428173","F9","0.64623034","false","APCS","F9","0.8958575","0.7754564881324768"
"MBL2","0.7045014","F9","0.5988104","false","MBL2","F9","0.8372504","0.7135207653045654"
"GC","0.7467674","F9","0.61821014","false","GC","F9","0.86273116","0.742569625377655"
"C3P1","0.8009892","F9","0.6179493","false","C3P1","F9","0.90774596","0.775561511516571"
"C8A","0.71501034","F9","0.59994954","false","C8A","F9","0.8331347","0.716031551361084"
"HRG","0.77149993","F9","0.5833186","false","HRG","F9","0.89481616","0.7498782277107239"
"G6PC","0.7691191","F9","0.6228044","false","G6PC","F9","0.88860655","0.7601766586303711"
"RP5-865N13.1","0.70746744","RP4-815D20.1","0.5702849","false","RP5-865N13.1","RP4-815D20.1","0.8225686","0.7001070380210876"
"GABRR3","0.7002761","AC114776.3","0.5860165","false","GABRR3","AC114776.3","0.82353634","0.7032763361930847"
"LINC00700","0.720327","AC114776.3","0.5839137","false","LINC00700","AC114776.3","0.821885","0.7087085843086243"
"MIR7515HG","0.72987014","AC114776.3","0.6149857","false","MIR7515HG","AC114776.3","0.8337619","0.7262058854103088"
"CTD-2207A17.1","0.7465849","AC114776.3","0.57506496","false","CTD-2207A17.1","AC114776.3","0.85192347","0.7245244383811951"
"CTD-2313J23.1","0.7251036","AC114776.3","0.59677106","false","CTD-2313J23.1","AC114776.3","0.8400792","0.7206513285636902"
"RP11-753D20.4","0.7137542","AC114776.3","0.5628015","false","RP11-753D20.4","AC114776.3","0.8270723","0.701209306716919"
"RP11-144L1.4","0.7107785","AC114776.3","0.59756976","false","RP11-144L1.4","AC114776.3","0.80278593","0.7037113308906555"
"RP5-865N13.1","0.733938","AC114776.3","0.62814593","false","RP5-865N13.1","AC114776.3","0.827481","0.7298550009727478"
"OR6P1","0.7028856","AC114776.3","0.61785704","false","OR6P1","AC114776.3","0.78653276","0.7024251818656921"
"LARP1BP1","0.75562507","AC114776.3","0.5892921","false","LARP1BP1","AC114776.3","0.8499746","0.7316305637359619"
"LINC01206","0.74104387","AC114776.3","0.5848983","false","LINC01206","AC114776.3","0.8814065","0.7357828617095947"
"AC068137.5","0.7867865","AC114776.3","0.6453217","false","AC068137.5","AC114776.3","0.8666597","0.7662559151649475"
"SNORA8","0.7310481","SNORD10","0.50651443","false","SNORA8","SNORD10","0.896486","0.7113494873046875"
"SNORA48","0.7953153","SNORD10","0.64690363","false","SNORA48","SNORD10","0.9380654","0.7934281229972839"
"SNORA16A","0.74835414","SNORD10","0.51549387","false","SNORA16A","SNORD10","0.89027035","0.7180395126342773"
"SNORA9","0.73477477","SNORD10","0.49250516","false","SNORA9","SNORD10","0.8912091","0.7061629891395569"
"SNORA7B","0.7354955","SNORD10","0.5139152","false","SNORA7B","SNORD10","0.88307256","0.7108277678489685"
"SNORA76A","0.7866667","SNORD10","0.5305796","false","SNORA76A","SNORD10","0.9300711","0.7491057515144348"
"SLC17A2","0.7353729","CPN1","0.5584971","false","SLC17A2","CPN1","0.85050803","0.7147926688194275"
"RP11-116D2.1","0.7134659","CPN1","0.58435065","false","RP11-116D2.1","CPN1","0.8477341","0.7151835560798645"
"APCS","0.74440575","CPN1","0.6507824","false","APCS","CPN1","0.84010935","0.7450991272926331"
"MBL2","0.7089932","CPN1","0.5823745","false","MBL2","CPN1","0.824808","0.7053918838500977"
"GC","0.70481604","CPN1","0.6058312","false","GC","CPN1","0.80724776","0.7059650421142578"
"SERPINA7","0.73662424","CPN1","0.5593679","false","SERPINA7","CPN1","0.8550619","0.7170179486274719"
"C3P1","0.7535103","CPN1","0.62646407","false","C3P1","CPN1","0.8613776","0.7471173405647278"
"ACSM2B","0.7324567","CPN1","0.53107244","false","ACSM2B","CPN1","0.87432194","0.7126169800758362"
"APOA4","0.74615073","CPN1","0.5464634","false","APOA4","CPN1","0.8467686","0.713127613067627"
"SULT2A1","0.74703","CPN1","0.66417","false","SULT2A1","CPN1","0.84596884","0.7523896098136902"
"MOGAT3","0.78038645","CPN1","0.61740524","false","MOGAT3","CPN1","0.87717664","0.7583227157592773"
"HNF4A","0.72965556","CPN1","0.5113592","false","HNF4A","CPN1","0.8633681","0.7014608979225159"
"SLC2A2","0.7510765","CPN1","0.5661095","false","SLC2A2","CPN1","0.87254316","0.7299097180366516"
"C8A","0.7140854","CPN1","0.64704466","false","C8A","CPN1","0.8209608","0.7273635864257812"
"HRG","0.7734827","CPN1","0.6325169","false","HRG","CPN1","0.88668036","0.7642266750335693"
"RP11-1151B14.3","0.75069225","CPN1","0.5716574","false","RP11-1151B14.3","CPN1","0.87472546","0.7323583960533142"
"G6PC","0.77993953","CPN1","0.6646472","false","G6PC","CPN1","0.8930038","0.7791969180107117"
"OR10K1","0.72621745","MTND5P3","0.5603547","false","OR10K1","MTND5P3","0.8267236","0.70443195104599"
"MTND5P29","0.74246514","MTND5P3","0.53280073","false","MTND5P29","MTND5P3","0.83306766","0.7027778625488281"
"RP11-677O4.2","0.7434833","MTND5P3","0.58745277","false","RP11-677O4.2","MTND5P3","0.82715297","0.7193630337715149"
"AC068137.5","0.724681","MTND5P3","0.5891404","false","AC068137.5","MTND5P3","0.7965487","0.703456699848175"
"CYP2C9","0.74096745","APCS","0.5881519","false","CYP2C9","APCS","0.8589747","0.7293646931648254"
"GC","0.80479175","APCS","0.65146273","false","GC","APCS","0.88022006","0.7788248062133789"
"SERPINA7","0.7312505","APCS","0.5755579","false","SERPINA7","APCS","0.8517803","0.7195296287536621"
"C3P1","0.7560743","APCS","0.62824774","false","C3P1","APCS","0.8660103","0.7501108050346375"
"SULT2A1","0.7793981","APCS","0.6289357","false","SULT2A1","APCS","0.8526473","0.7536603808403015"
"CFHR5","0.72723615","APCS","0.61283404","false","CFHR5","APCS","0.8458315","0.7286338806152344"
"SLC2A2","0.7244843","APCS","0.568742","false","SLC2A2","APCS","0.84846914","0.7138984799385071"
"CRP","0.7406089","APCS","0.5981853","false","CRP","APCS","0.8689011","0.7358984351158142"
"C8A","0.79129726","APCS","0.6606336","false","C8A","APCS","0.88480383","0.7789115905761719"
"HRG","0.7513634","APCS","0.58313787","false","HRG","APCS","0.88412327","0.7395415306091309"
"G6PC","0.7612334","APCS","0.5958834","false","G6PC","APCS","0.87565434","0.7442570328712463"
"C9","0.741538","APCS","0.6176414","false","C9","APCS","0.8589871","0.7393887639045715"
"RP5-865N13.1","0.75836384","RP11-144L1.4","0.6446163","false","RP5-865N13.1","RP11-144L1.4","0.83888495","0.7472884058952332"
"OR6P1","0.8145971","RP11-144L1.4","0.6210146","false","OR6P1","RP11-144L1.4","0.86908406","0.7682319283485413"
"MTND5P9","0.756244","RP11-144L1.4","0.5595324","false","MTND5P9","RP11-144L1.4","0.83710766","0.717628002166748"
"RP3-333B15.4","0.7623553","RP11-144L1.4","0.6044034","false","RP3-333B15.4","RP11-144L1.4","0.8312489","0.7326691746711731"
"AC079248.1","0.7491218","RP11-144L1.4","0.6377893","false","AC079248.1","RP11-144L1.4","0.8433677","0.7434263229370117"
